data,310670512A,314480505A,310900604A,311860101A,310620016A,310900601A,310900606A,310620007A
2014-02-01,0.0,0.0,,0.0,,0.0,0.0,0.0
2014-02-02,0.0,0.0,,0.0,,0.0,0.0,0.0
2014-02-03,0.0,0.0,,0.0,,0.0,0.0,0.0
2014-02-04,,,,,,,,
2014-02-05,0.0,0.0,,0.0,,0.0,0.0,0.0
2014-02-06,0.0,0.0,,0.0,,0.0,0.0,0.0
2014-02-07,0.0,0.0,,0.0,,0.0,0.0,0.0
2014-02-08,0.0,0.0,,0.0,,0.0,0.0,0.0
2014-02-09,0.0,0.0,,0.0,,0.0,0.0,0.0
2014-02-10,0.0,0.0,,0.0,,0.7853600000000001,0.2,0.0
2014-02-11,0.0,0.0,,0.0,,0.0,0.0,0.0
2014-02-12,0.0,0.0,,0.0,,0.0,0.0,0.0
2014-02-13,0.0,0.0,,0.0,,0.0,0.0,0.0
2014-02-14,3.7494812010000005,0.0,,2.9525851960000002,,0.0,0.0,0.0
2014-02-15,0.0,0.0,,0.0,,0.0,0.0,0.0
2014-02-16,0.99268,0.0,,0.8,,1.0,0.8,1.574970584
2014-02-17,3.17438,2.55608,,30.56519601,,1.6,4.932065799,23.425756128
2014-02-18,0.0,2.169575183,,0.2,,1.3817,2.18902,5.506848817000001
2014-02-19,0.0,0.0,,0.0,,0.0,0.0,0.0
2014-02-20,0.0,0.0,,0.0,,0.0,0.0,0.0
2014-02-21,0.0,0.0,,0.0,,0.0,0.0,0.0
2014-02-22,0.0,0.0,,0.0,,0.0,0.0,0.0
2014-02-23,0.0,0.0,,0.0,,0.0,0.0,0.0
2014-02-24,0.0,0.0,,0.0,,0.0,0.0,0.0
2014-02-25,0.0,0.0,,0.0,,0.0,0.0,0.0
2014-02-26,0.0,0.0,,0.0,,0.0,0.0,0.0
2014-02-27,0.0,0.0,,0.0,,0.0,0.0,0.0
2014-02-28,0.99268,16.992909186,,6.704120729,,5.707874499,1.973287616,3.3391400680000003
2014-03-01,,,,,,,,
2014-03-02,5.39268,18.188278511,,4.331448722,3.158941844,1.18475711,0.2,13.47790173
2014-03-03,6.792680000000001,0.2,,0.0,0.0,7.684175896,0.4,0.6000000000000001
2014-03-04,0.0,0.0,,0.0,0.0,0.0,0.0,0.0
2014-03-05,0.0,0.0,,0.0,0.0,0.0,0.0,0.0
2014-03-06,0.0,19.291296074999998,,0.0,1.7707199999999998,19.880792082000003,7.475732643000001,0.0
2014-03-07,17.16576,20.090012527,,17.326422469,17.307331709,22.223304139,33.438844036999996,19.274126631999998
2014-03-08,4.792680000000001,16.55881736,,6.909421411,26.181381842,6.17072,6.17072,15.760575759
2014-03-09,0.2,0.4,,0.0,0.4,15.32980387,0.6000000000000001,0.0
2014-03-10,0.0,0.0,,0.0,0.0,0.2,0.0,0.0
2014-03-11,0.0,0.0,,0.0,0.0,0.0,0.0,0.0
2014-03-12,0.0,0.0,,0.0,0.0,0.0,0.0,0.0
2014-03-13,0.0,0.4,,0.0,0.0,2.37804,5.306455482,0.0
2014-03-14,0.0,0.0,,0.0,0.0,0.0,0.0,0.0
2014-03-15,0.0,0.0,,0.0,0.0,0.0,0.0,0.0
2014-03-16,0.0,0.0,,0.0,0.0,0.0,0.0,0.0
2014-03-17,0.0,0.0,,0.0,0.0,0.0,0.0,0.0
2014-03-18,0.0,0.0,,0.0,0.0,0.0,0.0,0.0
2014-03-19,0.0,0.0,,0.0,0.0,0.0,0.0,0.0
2014-03-20,0.0,0.0,,0.0,0.0,0.0,0.0,0.0
2014-03-21,0.0,1.37804,,0.0,0.0,0.0,0.0,0.0
2014-03-22,0.0,19.457463810000004,,24.622021192,13.402056433,0.8,3.550798012,23.868619076
2014-03-23,0.0,0.0,,0.0,0.0,0.0,0.0,0.0
2014-03-24,6.77804,17.36533362,,11.24628,4.534120000000001,1.59268,1.0,2.6
2014-03-25,0.8,1.6,,0.8,1.19268,1.0,1.4000000000000001,2.36706
2014-03-26,0.2,0.2,,0.0,0.0,0.0,0.0,0.0
2014-03-27,0.2,0.0,,0.0,0.0,0.0,0.0,0.0
2014-03-28,0.0,0.0,,0.0,0.0,0.0,0.0,0.0
2014-03-29,0.0,0.0,,0.0,0.0,0.0,0.0,0.0
2014-03-30,0.0,0.2,,0.0,0.0,0.6000000000000001,0.6000000000000001,0.0
2014-03-31,2.19268,0.0,,10.445300697,0.0,1.3817,1.97438,0.4
2014-04-01,1.2000000000000002,1.59268,0.4,24.273441297,19.092213749,2.17438,14.369335662000001,14.59484303
2014-04-02,46.19929432,2.77804,33.18055566,14.410745654,75.35800844,23.425374434000002,66.76371914,73.8160549
2014-04-03,0.2,10.419192523,0.9853599999999999,0.2,0.2,0.2,34.059600261,0.4
2014-04-04,0.2,12.97722417,1.577311464,2.9586645680000005,0.590197607,0.0,0.6000000000000001,0.0
2014-04-05,0.0,0.0,0.0,0.0,0.0,0.0,0.0,0.0
2014-04-06,0.0,0.0,0.0,0.0,0.0,0.0,0.0,0.0
2014-04-07,0.0,0.0,0.0,0.0,0.0,0.0,0.0,0.0
2014-04-08,0.0,0.0,0.0,0.0,0.0,0.0,0.0,0.0
2014-04-09,0.0,0.0,0.0,0.0,0.0,0.0,0.0,0.0
2014-04-10,0.0,0.59268,0.0,0.0,8.675961913999998,0.0,0.0,6.88389844
2014-04-11,0.0,0.0,0.0,0.0,0.0,23.667908691,1.5780399999999999,0.0
2014-04-12,0.0,0.0,0.0,0.0,0.0,0.2,0.2,0.0
2014-04-13,0.0,0.0,0.0,0.0,0.0,0.0,0.0,0.0
2014-04-14,0.0,0.0,5.1268,5.315419729,0.0,0.0,15.16886286,5.718600774
2014-04-15,0.0,0.2,0.0,0.0,0.0,0.0,0.2,0.2
2014-04-16,7.66458,0.2,13.783759108,13.770191035000002,0.0,0.0,0.0,0.0
2014-04-17,12.96942,1.4000000000000001,4.759857763,0.0,19.703522103,5.717464856,5.53046,2.5634
2014-04-18,0.0,0.0,0.0,0.0,0.0,0.0,0.0,0.0
2014-04-19,0.0,0.0,0.4,0.0,0.4,0.0,0.0,0.0
2014-04-20,14.36576,0.8,0.0,7.85467562,10.474771182000001,0.0,0.0,7.4829594010000005
2014-04-21,1.2,0.0,0.0,0.0,0.0,0.0,0.0,0.0
2014-04-22,0.0,0.0,0.0,0.0,8.445496568,0.0,0.4,0.59268
2014-04-23,0.0,3.166011728,0.0,0.0,6.906438372,0.0,0.0,34.650347382
2014-04-24,1.4000000000000001,15.215696744,10.265589312,2.963470482,5.135512664,3.553915733,9.071308214,10.453372912999999
2014-04-25,0.2,0.2,0.0,0.0,0.0,0.0,0.2,4.336941619
2014-04-26,0.0,0.0,0.0,0.0,0.0,0.0,0.0,0.0
2014-04-27,0.0,0.0,0.0,0.0,0.0,0.0,0.0,0.0
2014-04-28,0.0,0.0,0.0,0.0,0.0,0.0,0.0,0.0
2014-04-29,0.0,0.0,0.0,0.0,0.0,0.0,0.0,0.0
2014-04-30,0.0,0.0,0.4196,0.0,0.0,0.0,0.0,0.0
2014-05-01,0.0,0.0,0.0,0.0,0.0,0.0,0.0,0.0
2014-05-02,0.0,0.0,0.0,0.0,0.0,0.0,0.0,0.0
2014-05-03,0.0,0.0,0.0,0.0,0.0,0.0,0.0,0.0
2014-05-04,0.0,0.0,0.0,0.0,0.0,0.0,0.0,0.0
2014-05-05,0.0,0.0,0.0,0.0,0.0,0.0,0.0,0.0
2014-05-06,0.0,0.0,0.0,0.0,0.0,0.0,0.0,0.0
2014-05-07,0.0,0.0,0.0,0.0,0.0,0.0,0.0,0.0
2014-05-08,0.0,15.31818,0.790672507,0.0,5.507383899,1.767633061,0.0,0.0
2014-05-09,0.2,10.50118,3.552970849,0.0,5.320984811000001,2.97804,8.865531479,0.0
2014-05-10,0.0,0.0,0.0,0.0,0.0,0.0,0.0,0.0
2014-05-11,0.0,0.0,0.0,0.0,0.0,0.0,0.0,0.0
2014-05-12,0.0,0.0,0.0,0.0,0.0,0.0,0.0,0.0
2014-05-13,0.0,0.0,0.0,0.0,0.0,0.0,0.0,0.0
2014-05-14,0.0,0.0,0.6,0.0,0.0,0.0,0.0,0.0
2014-05-15,0.0,0.0,0.0,0.0,0.0,0.0,0.0,0.0
2014-05-16,0.0,0.0,0.0,0.0,0.0,0.0,0.0,0.0
2014-05-17,0.0,0.0,0.0,0.0,0.0,0.0,0.0,0.0
2014-05-18,0.0,0.0,0.0,0.0,0.0,0.0,0.0,0.0
2014-05-19,0.0,0.0,0.0,0.0,0.0,0.0,0.0,0.0
2014-05-20,0.0,0.0,0.0,0.0,0.0,0.0,0.0,0.0
2014-05-21,0.0,0.0,0.0,0.0,0.0,0.0,0.0,0.0
2014-05-22,0.0,0.0,0.0,0.0,0.0,0.0,0.0,0.0
2014-05-23,0.0,0.0,0.0,0.0,0.0,0.0,0.0,0.0
2014-05-24,0.0,0.0,0.0,0.0,0.0,0.0,0.0,0.0
2014-05-25,0.0,0.0,14.569502113000002,0.0,0.0,0.2,4.9224040570000005,0.0
2014-05-26,0.4,2.6,2.759011881,4.539817653,3.948208182,0.0,0.4,0.0
2014-05-27,0.8,1.6,0.0,0.4,3.738569546,0.0,0.0,0.0
2014-05-28,0.0,0.8,0.0,0.0,0.0,0.0,0.0,0.0
2014-05-29,0.0,0.0,0.0,0.0,0.0,0.0,0.0,0.0
2014-05-30,0.0,0.0,0.0,0.0,0.0,0.0,0.0,0.0
2014-05-31,0.0,0.0,0.0,0.0,0.0,0.0,0.0,0.0
2014-06-01,0.0,0.0,0.0,0.0,0.0,0.0,0.0,0.0
2014-06-02,2.78536,1.0,3.7634000000000003,4.53810717,5.50347801,3.970738079,3.95974,6.702769231
2014-06-03,0.0,1.8,0.0,0.0,0.0,0.0,0.2,0.0
2014-06-04,0.0,0.4,0.0,0.0,3.14839295,0.0,0.4,0.0
2014-06-05,0.0,0.0,0.0,0.0,0.0,0.0,0.0,0.0
2014-06-06,0.0,0.0,0.0,0.0,0.0,0.0,0.0,0.0
2014-06-07,0.0,0.0,0.0,0.0,0.0,0.0,0.0,0.0
2014-06-08,0.0,0.0,0.0,0.0,0.0,0.0,0.0,0.0
2014-06-09,0.0,0.0,0.0,0.0,0.0,0.0,0.0,0.0
2014-06-10,0.0,0.0,0.0,0.0,0.0,0.0,0.0,0.0
2014-06-11,0.0,0.0,0.0,0.0,0.0,0.0,0.0,0.0
2014-06-12,0.0,0.2,0.0,0.0,0.4,0.98902,0.2,0.4
2014-06-13,0.0,0.2,0.0,0.0,0.0,0.0,0.4,0.0
2014-06-14,0.0,0.6000000000000001,0.0,0.0,0.0,0.0,0.0,0.0
2014-06-15,0.0,0.0,0.0,0.0,0.0,0.0,0.0,0.0
2014-06-16,0.0,0.0,0.0,0.0,0.0,0.0,0.0,0.0
2014-06-17,0.0,0.0,0.0,0.0,0.0,0.0,0.0,0.0
2014-06-18,0.0,0.0,0.0,0.0,0.0,0.0,0.0,0.0
2014-06-19,0.0,0.0,0.0,0.0,0.0,0.0,0.0,0.0
2014-06-20,0.0,0.0,0.0,0.0,0.0,0.0,0.0,0.0
2014-06-21,0.0,0.0,0.0,0.0,0.0,0.0,0.0,0.0
2014-06-22,0.0,0.0,0.0,0.0,0.0,0.0,0.0,0.0
2014-06-23,0.0,0.0,0.0,0.0,0.0,0.0,0.0,0.0
2014-06-24,0.0,0.0,0.0,0.0,0.0,0.0,0.0,0.0
2014-06-25,0.0,0.0,0.0,0.0,0.0,0.0,0.0,0.0
2014-06-26,0.0,0.0,0.0,0.0,0.0,0.0,0.0,0.0
2014-06-27,0.0,0.0,0.0,0.0,0.0,0.0,0.0,0.0
2014-06-28,0.0,0.0,0.0,0.0,0.0,0.0,0.0,0.0
2014-06-29,0.0,0.0,0.0,0.0,0.0,0.0,0.0,0.0
2014-06-30,0.0,0.0,0.0,0.0,0.0,0.0,0.0,0.0
2014-07-01,0.0,0.0,0.0,0.0,0.0,0.0,0.0,0.0
2014-07-02,0.0,0.0,0.0,0.0,0.0,0.0,0.0,0.0
2014-07-03,0.0,0.0,0.0,0.0,0.0,0.0,0.0,0.0
2014-07-04,0.0,0.0,0.0,0.0,0.0,0.0,0.0,0.0
2014-07-05,0.0,0.0,0.0,0.0,0.0,0.0,0.0,0.0
2014-07-06,0.0,0.0,0.0,0.0,0.0,0.0,0.0,0.0
2014-07-07,0.0,0.0,0.0,0.0,0.0,0.0,0.0,0.0
2014-07-08,0.0,0.0,0.0,0.0,0.0,0.0,0.0,0.0
2014-07-09,0.0,0.0,0.0,0.0,0.0,0.0,0.0,0.0
2014-07-10,0.0,0.0,0.0,0.0,0.0,0.0,0.0,0.0
2014-07-11,0.0,0.0,2.756759035,0.0,0.0,2.367956543,0.990789286,0.0
2014-07-12,0.0,0.0,0.0,0.0,0.0,0.0,0.0,0.0
2014-07-13,0.0,0.0,0.0,0.0,0.0,0.0,0.0,0.0
2014-07-14,0.0,0.0,0.0,0.0,0.0,0.0,0.2,0.0
2014-07-15,0.0,0.0,0.0,0.0,0.0,0.0,0.0,0.0
2014-07-16,0.0,0.4,0.0,0.0,0.0,0.0,0.0,0.0
2014-07-17,0.0,0.0,0.0,0.0,0.2,0.0,0.0,0.0
2014-07-18,0.0,0.0,0.0,0.0,0.0,0.0,0.0,0.0
2014-07-19,0.0,0.0,0.0,0.0,0.0,0.0,0.0,0.0
2014-07-20,0.0,0.0,0.0,0.0,0.0,0.0,0.0,0.0
2014-07-21,0.0,0.0,0.0,0.0,0.0,0.0,0.0,0.0
2014-07-22,0.0,0.0,0.0,0.0,0.0,0.0,0.0,0.0
2014-07-23,0.0,0.0,0.0,0.0,0.0,0.0,0.0,0.0
2014-07-24,0.2,0.0,0.0,0.0,0.0,0.0,0.4,0.0
2014-07-25,13.425517582000001,12.050958987000001,16.743725465,17.729196851,15.979549229,15.17674,15.370291066,19.89793237
2014-07-26,17.36576,23.23766,17.19138,21.307522018,19.9255,14.23896,15.23896,20.69622
2014-07-27,11.0902,13.42066,17.366212935,9.90118,10.86824,14.26092,16.80602,11.2536
2014-07-28,0.2,0.2,1.981726508,0.6000000000000001,0.2,1.0,0.8,0.2
2014-07-29,0.0,0.0,0.0,0.0,0.0,0.2,0.0,0.0
2014-07-30,0.0,0.0,0.0,0.2,0.0,0.0,0.0,0.0
2014-07-31,0.0,0.0,0.0,0.0,0.0,0.0,0.0,0.0
2014-08-01,0.0,0.0,0.0,0.0,0.0,0.0,6.074210506,0.0
2014-08-02,0.0,0.0,0.0,0.0,0.0,0.0,2.3634000000000004,0.0
2014-08-03,0.0,0.0,0.0,0.0,0.0,0.0,0.0,0.0
2014-08-04,0.0,0.0,0.0,0.0,0.0,0.0,0.6195999999999999,0.0
2014-08-05,0.0,0.0,0.0,0.0,0.0,0.0,6.6504984060000005,0.0
2014-08-06,0.0,0.0,0.0,0.0,0.0,0.0,0.0,0.0
2014-08-07,0.0,0.0,0.0,0.0,0.0,0.0,0.984701592,0.0
2014-08-08,0.0,0.0,0.0,0.0,0.0,0.0,0.0,0.0
2014-08-09,0.0,0.0,0.0,0.0,0.0,0.0,0.0,0.0
2014-08-10,0.0,0.0,0.0,0.0,0.0,0.0,0.0,0.0
2014-08-11,0.0,0.0,0.0,0.0,0.0,0.0,0.0,0.0
2014-08-12,0.0,0.0,0.0,0.0,0.0,0.0,0.0,0.0
2014-08-13,0.0,0.0,0.0,0.0,0.0,0.0,0.2,0.0
2014-08-14,0.0,0.0,0.0,0.0,0.0,0.0,0.0,0.0
2014-08-15,0.0,0.0,0.0,0.0,0.0,0.0,0.0,0.0
2014-08-16,0.0,0.0,0.0,0.0,0.0,0.0,0.0,0.0
2014-08-17,0.0,0.0,0.0,0.0,0.0,0.0,0.0,0.0
2014-08-18,0.0,0.0,0.2,0.593228399,3.35608,0.0,0.0,0.0
2014-08-19,0.0,0.0,0.2,0.0,0.0,0.0,0.0,0.2
2014-08-20,0.0,0.0,0.0,0.0,0.0,0.0,0.0,0.0
2014-08-21,0.0,0.0,0.0,0.0,0.0,0.0,0.0,0.0
2014-08-22,0.0,0.0,0.0,0.0,0.0,0.0,0.0,0.0
2014-08-23,0.0,0.0,0.0,0.0,0.0,0.0,0.0,0.0
2014-08-24,0.0,0.0,0.0,0.0,0.0,0.0,0.0,0.0
2014-08-25,0.0,0.0,0.0,0.0,0.0,0.0,0.0,0.0
2014-08-26,0.0,0.0,0.0,0.0,0.0,0.0,0.0,0.0
2014-08-27,0.0,0.0,0.0,0.0,0.0,0.0,0.0,0.0
2014-08-28,0.0,0.0,0.0,0.0,0.0,0.0,0.0,0.0
2014-08-29,0.0,6.105295813000001,0.6000000000000001,0.0,0.59268,6.905158109,6.315543614,0.0
2014-08-30,0.0,0.0,0.0,0.0,0.0,0.0,0.0,0.0
2014-08-31,0.0,0.0,0.0,0.0,0.0,0.0,0.0,0.0
2014-09-01,0.0,0.0,0.2,0.0,0.0,0.0,0.0,0.0
2014-09-02,0.0,0.0,0.0,0.0,0.0,0.0,0.0,0.0
2014-09-03,3.163635423,3.1597399999999998,9.445075667,,1.58536,5.519648738,6.68654,1.0
2014-09-04,0.0,0.0,0.0,,0.0,0.0,0.0,0.0
2014-09-05,0.0,0.0,0.0,,0.0,0.0,0.0,0.0
2014-09-06,0.0,0.0,0.0,,0.0,0.0,0.0,0.0
2014-09-07,0.0,0.0,0.0,,0.0,0.0,0.0,0.0
2014-09-08,0.0,0.0,0.0,,0.0,0.0,0.41533114,0.0
2014-09-09,0.0,0.0,0.0,,0.0,0.0,0.0,0.0
2014-09-10,0.0,0.0,0.0,,0.0,0.0,0.0,0.0
2014-09-11,0.0,0.0,0.0,,0.0,0.0,0.0,0.0
2014-09-12,0.0,0.0,0.0,,0.0,0.0,0.0,0.0
2014-09-13,0.0,0.0,0.0,,0.0,0.0,0.0,0.0
2014-09-14,0.0,0.0,0.0,,0.0,0.0,0.0,0.0
2014-09-15,0.0,0.0,0.0,,0.0,0.0,0.0,0.0
2014-09-16,0.0,0.0,0.0,,0.0,0.0,0.0,0.0
2014-09-17,0.0,0.0,0.0,,0.0,0.0,0.0,0.0
2014-09-18,0.0,0.0,0.0,,0.0,0.0,0.0,0.0
2014-09-19,0.0,0.0,0.0,,0.0,0.0,0.0,0.0
2014-09-20,0.0,0.0,0.0,,0.0,0.0,0.0,0.0
2014-09-21,0.0,0.0,0.2,,0.0,0.0,0.0,0.0
2014-09-22,0.0,0.0,0.0,,0.0,0.0,0.0,0.0
2014-09-23,0.0,0.0,0.0,,0.0,0.0,0.0,0.0
2014-09-24,0.0,0.0,0.0,,0.0,0.0,0.0,0.0
2014-09-25,0.0,0.0,0.0,,0.0,0.0,0.0,0.0
2014-09-26,0.0,0.0,0.0,,0.0,0.0,0.0,0.0
2014-09-27,0.0,0.0,0.0,,0.0,0.0,0.0,0.0
2014-09-28,0.0,0.0,0.0,,0.0,23.224648680999998,2.7598878780000002,0.0
2014-09-29,0.0,0.0,27.154250232,,0.0,0.2,5.911426799000001,0.0
2014-09-30,0.0,0.0,0.78536,,0.0,1.7715277409999999,18.721123068,1.3817
2014-10-01,3.149614893,0.0,3.348593507,,0.0,0.0,0.0,0.0
2014-10-02,1.379049759,0.0,0.0,,0.0,0.0,1.2588,0.0
2014-10-03,0.0,0.0,0.0,,0.0,0.0,0.0,0.0
2014-10-04,0.0,0.0,0.0,,0.0,0.0,0.0,0.0
2014-10-05,0.0,0.0,0.0,,0.0,0.0,0.0,0.0
2014-10-06,0.0,0.0,0.2,,0.0,0.0,0.0,0.0
2014-10-07,0.0,0.0,0.0,,0.0,0.0,0.0,0.0
2014-10-08,0.0,0.0,0.0,,0.0,0.0,0.0,0.0
2014-10-09,0.0,0.0,0.0,,0.0,0.0,0.0,0.0
2014-10-10,0.0,0.0,0.0,,0.0,0.0,0.0,0.0
2014-10-11,0.0,0.0,0.0,,0.0,0.0,0.0,0.0
2014-10-12,0.0,0.0,0.0,,0.0,0.0,0.0,0.0
2014-10-13,0.0,0.0,0.0,,0.0,0.0,0.0,0.0
2014-10-14,0.0,0.0,0.0,,0.0,0.0,0.0,0.0
2014-10-15,0.0,0.0,0.0,,0.0,0.0,0.0,0.0
2014-10-16,0.0,0.0,0.0,,0.0,0.0,0.0,0.0
2014-10-17,0.0,0.0,0.0,,0.0,0.0,0.0,0.0
2014-10-18,0.0,0.0,0.7890199999999999,,0.0,1.38536,10.072086427,0.0
2014-10-19,,,,,,,,
2014-10-20,6.930865093,21.069344494,36.903824915,,7.103944333,14.192193221,13.606398702,9.40374757
2014-10-21,16.14876,13.766032832,15.739030275000001,,18.896682334,26.967903738,47.43848322,26.10510528
2014-10-22,2.0,0.0,0.0,,0.0,0.0,0.0,0.0
2014-10-23,1.4000000000000001,0.0,0.0,,0.0,0.0,0.0,0.0
2014-10-24,1.2000000000000002,0.0,0.0,,0.0,0.0,0.0,0.0
2014-10-25,0.8,3.544931,0.2,,0.39268,2.5634,24.212466658,15.750454950000002
2014-10-26,1.0,45.513162149,39.218569759000005,,29.42302,32.918276952,32.549820000000004,32.521702504000004
2014-10-27,1.8,0.0,0.79268,,7.000000000000001,2.16706,1.181932139,4.138080634
2014-10-28,0.8,21.575071,0.9907258919999999,,0.8,1.981796269,1.980505718,2.569506241
2014-10-29,1.6,0.0,0.0,,2.2,0.0,0.2,0.0
2014-10-30,1.0,0.4,0.0,,3.6,0.79268,1.5853599999999999,2.59268
2014-10-31,0.8,0.4,0.0,,0.4,0.0,0.0,0.0
2014-11-01,1.4000000000000001,0.0,2.9625397400000004,,0.0,0.0,0.0,0.0
2014-11-02,2.0,0.0,0.0,,0.0,0.0,0.2,0.0
2014-11-03,2.0,0.0,0.0,,0.0,0.0,0.0,0.0
2014-11-04,0.2,0.0,0.0,,0.0,0.0,0.0,0.0
2014-11-05,0.0,0.0,0.0,,0.0,0.0,0.0,0.0
2014-11-06,2.0,0.2,3.7634,16.060744868,0.4,6.887471496000001,5.729272912000001,1.975019746
2014-11-07,0.8,0.0,0.0,0.2,0.0,0.0,0.2,0.0
2014-11-08,0.0,0.0,0.0,0.0,0.0,0.0,0.0,0.0
2014-11-09,0.0,27.207233563000003,20.421479899,0.0,1.1926800000000002,0.0,0.2,0.0
2014-11-10,2.0,7.292551013,2.96706,2.178206423,1.39268,2.7597400000000003,8.871507988,1.19268
2014-11-11,0.2,0.0,0.0,0.2,12.38772,0.78536,0.0,2.949425913
2014-11-12,0.4,5.708168514,8.098645613,21.273439460000002,2.97438,0.4,18.032730318,9.256325132
2014-11-13,0.8,9.461222373,5.30850827,19.018919141,13.51948,0.59268,3.147369586,20.689288534000003
2014-11-14,1.4000000000000001,1.7816999999999998,3.159933307,6.319840984,4.0,11.214751663000001,9.833350031,25.987255295
2014-11-15,3.8000000000000003,19.275945138,12.222839773,14.948264744,46.4497,33.609222211,21.870041842,22.02287769
2014-11-16,4.4,0.0,0.0,0.0,0.2,0.0,0.0,0.0
2014-11-17,0.8,0.0,0.0,0.0,0.0,0.0,0.0,0.0
2014-11-18,0.4,0.0,0.0,0.0,0.0,0.0,0.0,0.0
2014-11-19,0.2,0.0,0.0,0.0,0.0,0.0,0.0,0.0
2014-11-20,0.2,0.0,0.0,0.0,0.0,0.0,0.0,0.0
2014-11-21,0.2,0.0,0.0,0.0,0.0,0.0,0.0,0.0
2014-11-22,0.0,0.0,0.0,0.0,0.0,0.0,0.0,0.0
2014-11-23,2.6,20.699557714,20.304218467000002,43.75427216600001,22.94014,81.956879813,77.829558383,36.25858478
2014-11-24,1.0,5.1634,2.4000000000000004,3.4000000000000004,17.86092,9.893234328,13.012865332,9.66458
2014-11-25,0.6000000000000001,9.244939105,2.0,0.2,1.8,2.4000000000000004,1.79268,0.0
2014-11-26,0.6000000000000001,17.537744832,29.721431056,30.920236208000002,2.0,26.6203178,27.260159121,16.343803561
2014-11-27,0.6000000000000001,15.50732237,28.205436437,23.122956759,0.6000000000000001,14.450013624,19.616164488000003,3.7528966660000003
2014-11-28,1.6,36.612540068,12.270687672000001,36.287079077,36.96316,10.912568656,16.430203743,21.299385888
2014-11-29,0.8,23.471481,13.010810317,7.702150541,29.31688,23.353582269999997,16.779302219999998,18.15681972
2014-11-30,0.4,10.85726,13.02798,8.90484,2.0,9.71948,9.715819999999999,9.701179999999999
2014-12-01,0.4,3.163695755,2.771234368,5.513855872000001,1.8,4.135453612,0.99268,2.57438
2014-12-02,0.6000000000000001,0.0,0.0,0.0,0.4,0.0,0.0,0.0
2014-12-03,0.2,0.0,0.0,0.0,0.2,0.0,0.0,0.0
2014-12-04,0.4,2.9597400000000005,0.6000000000000001,0.0,0.4,0.0,0.0,0.0
2014-12-05,0.4,39.0615064,6.13046,18.736855224,0.2,21.866833666999998,13.40968,8.702903653
2014-12-06,0.2,5.4,1.9853600000000002,1.58902,3.4000000000000004,2.95974,1.2000000000000002,5.706438283000001
2014-12-07,0.2,0.0,0.0,0.0,8.6,0.0,0.0,0.0
2014-12-08,0.4,0.0,0.0,0.0,0.2,0.0,0.0,0.0
2014-12-09,0.2,0.0,0.0,0.0,0.0,0.0,0.0,0.0
2014-12-10,0.2,0.0,0.0,0.0,0.0,0.0,0.0,0.0
2014-12-11,0.0,0.0,0.0,0.0,0.0,0.0,0.0,0.0
2014-12-12,0.2,0.0,0.0,0.0,0.0,0.0,0.0,0.0
2014-12-13,0.0,6.35608,16.554910743,40.261789471,6.32314,7.286213044999999,5.924808852,17.540629387
2014-12-14,0.4,55.52526,56.460240267,48.456556163,28.291733809,25.45974509,24.457907702,77.75390355500001
2014-12-15,0.0,12.000000000000002,4.525957666,10.050781906,0.6000000000000001,2.7597400000000003,8.069455179,10.469463485
2014-12-16,0.2,3.0,0.0,0.0,1.6,0.0,0.0,0.0
2014-12-17,0.2,2.2,0.0,0.0,2.2,0.0,0.0,0.0
2014-12-18,0.0,0.2,0.0,0.0,0.2,0.0,0.0,0.0
2014-12-19,0.2,0.4,28.733889476999998,0.0,0.0,13.40377451,20.072351589,0.0
2014-12-20,0.2,0.0,6.87922,0.0,0.0,9.471117353,12.418941462,0.0
2014-12-21,0.2,3.6000000000000005,4.54144,3.964778883,5.71582,13.016768394,20.913442757,14.793153789999998
2014-12-22,0.2,3.8000000000000003,0.0,0.2,0.8,0.2,0.981912478,2.552663522
2014-12-23,0.2,0.0,0.7926799999999999,0.0,0.0,0.592681569,0.0,0.0
2014-12-24,0.0,0.0,0.0,0.0,0.0,0.0,0.0,0.0
2014-12-25,0.2,0.0,0.0,0.0,0.0,0.0,0.0,0.0
2014-12-26,0.0,0.0,0.0,0.0,0.0,0.0,0.0,0.0
2014-12-27,0.0,0.0,0.0,0.0,0.0,0.0,0.0,0.0
2014-12-28,0.0,0.0,0.0,0.0,0.0,0.0,0.0,0.0
2014-12-29,0.2,0.0,0.0,0.0,0.0,0.0,0.0,0.0
2014-12-30,6.305305453,0.0,1.772407188,2.94876,0.0,0.0,0.0,0.0
2014-12-31,0.0,0.0,0.0,0.0,0.0,0.0,1.37804,0.0
2015-01-01,0.0,3.153426638,0.0,0.0,0.98536,0.0,0.0,2.95608
2015-01-02,3.73412,0.2,2.1678223450000003,20.802820608,0.0,0.0,0.0,0.0
2015-01-03,13.640040077,0.59268,34.90972944000001,3.53778,0.0,28.197239778,11.410118112,5.315991596
2015-01-04,5.4,0.0,4.32314,0.0,0.0,0.0,0.0,0.0
2015-01-05,0.2,0.0,1.77438,0.0,0.0,0.0,0.393070618,0.0
2015-01-06,0.0,0.0,0.0,0.0,0.0,0.0,0.2,0.0
2015-01-07,0.0,0.0,0.0,0.0,0.0,0.0,0.0,0.0
2015-01-08,0.0,0.0,0.0,0.0,0.0,0.0,0.0,0.0
2015-01-09,0.0,0.0,0.0,0.0,0.0,0.0,0.0,0.0
2015-01-10,0.0,0.0,0.0,0.0,0.0,0.0,0.0,0.0
2015-01-11,0.0,0.0,0.0,0.0,0.0,0.0,0.0,0.0
2015-01-12,0.0,0.0,0.0,0.0,0.0,0.0,0.0,0.0
2015-01-13,0.0,0.0,8.854470032,0.0,0.0,15.22958328,0.59268,0.0
2015-01-14,0.0,0.0,0.2,0.0,0.0,0.0,0.2,0.0
2015-01-15,0.0,0.0,0.0,0.0,0.0,0.0,0.0,0.0
2015-01-16,0.0,0.0,0.0,0.0,0.0,0.0,0.0,0.0
2015-01-17,0.0,0.0,0.0,0.0,0.0,0.0,0.0,0.0
2015-01-18,0.0,0.0,0.0,0.0,0.0,0.0,0.0,0.0
2015-01-19,0.0,0.0,0.0,0.0,0.0,0.0,0.0,0.0
2015-01-20,0.0,0.0,0.0,0.0,0.0,0.0,0.0,0.0
2015-01-21,0.0,3.5414399999999997,0.0,0.0,5.12314,0.0,0.0,0.98536
2015-01-22,0.0,0.0,0.0,0.0,0.0,3.940200702,0.0,0.0
2015-01-23,8.909017572,2.17438,17.245528296,16.942961142,0.0,3.947559591,2.7597400000000003,0.0
2015-01-24,22.3804,11.170720000000001,14.587720000000001,20.484106634,11.20602,26.794521086000003,30.319225332,15.1621
2015-01-25,21.80968,7.192680000000001,0.2,0.2,4.75242,0.2,0.2,4.545411421000001
2015-01-26,7.2865400000000005,2.0,21.292246161999998,16.127788745,21.10484,14.164315333000001,48.246150029999995,5.142617201999999
2015-01-27,47.491468644,1.8,20.519797880000002,17.14014,11.4,25.239431965,7.70484,40.048906185
2015-01-28,13.71582,19.11216,6.508265479,9.460141706,8.0,55.126761730000005,17.548020686,0.6000000000000001
2015-01-29,6.2,0.8,4.929873816,0.0,4.4,0.0,0.2,0.2
2015-01-30,0.0,2.0,4.719480000000001,0.0,0.0,0.0,3.152934368,0.0
2015-01-31,0.0,0.0,0.2,0.0,0.0,0.0,0.0,0.0
2015-02-01,0.0,0.0,0.0,0.0,0.0,0.0,0.0,0.0
2015-02-02,0.0,0.0,0.0,0.0,0.0,0.0,0.0,0.0
2015-02-03,0.0,3.0,0.2,0.0,1.9817,0.0,0.0,0.7931301579999999
2015-02-04,6.8763074280000005,9.99268,9.624904399,2.56706,8.85726,10.247580351,23.56372617,29.689368718999997
2015-02-05,30.140811357,20.42798,19.616044692,41.135315153,1.57804,57.876156279,46.920643456,30.319943601
2015-02-06,15.35608,39.251,0.0,11.4536,31.45962,12.636470551,16.603915204,47.646066848000004
2015-02-07,1.6,3.4000000000000004,0.0,9.30118,7.0,12.426187257999997,11.02798,9.290199999999999
2015-02-08,0.4,23.75608,0.0,14.239819894,6.800000000000001,25.248597753000002,14.97072,14.439682468
2015-02-09,0.6000000000000001,30.89988,0.0,17.175884043,7.2,12.423773777,17.9987,60.768922686
2015-02-10,1.4000000000000001,0.2,0.0,0.0,13.585360000000001,0.59268,1.0,0.0
2015-02-11,4.2,0.0,0.0,0.0,9.4,0.6000000000000001,0.2,0.0
2015-02-12,5.4,0.0,0.0,0.0,9.4,0.0,0.0,0.0
2015-02-13,4.4,0.0,0.0,0.0,5.6000000000000005,0.0,0.0,0.0
2015-02-14,1.2000000000000002,0.0,0.0,0.0,5.0,0.0,0.0,0.0
2015-02-15,0.0,0.0,0.0,2.55974,3.2,0.0,0.0,0.2
2015-02-16,0.0,11.834831169000001,0.0,0.0,2.4000000000000004,0.0,0.4,22.495033348
2015-02-17,1.39268,3.0000000000000004,0.0,3.152031496,3.0,0.0,0.2,0.0
2015-02-18,6.141439999999999,1.8000000000000003,0.0,33.80586708,2.2,17.328692360999998,2.6,21.075228192
2015-02-19,2.77438,2.8000000000000003,0.0,2.9634000000000005,2.4000000000000004,15.18739583,2.8000000000000003,24.041896339999997
2015-02-20,0.4,3.0,0.0,0.0,2.4000000000000004,0.0,1.0,0.2
2015-02-21,0.0,0.0,0.0,0.0,2.0,0.0,0.2,0.0
2015-02-22,0.0,0.0,0.0,0.0,1.6,0.0,0.0,0.0
2015-02-23,0.0,0.0,0.0,0.0,1.2000000000000002,1.9853600000000002,1.2000000000000002,0.0
2015-02-24,0.0,0.0,0.0,0.0,1.2000000000000002,3.545114043,0.8,0.0
2015-02-25,2.1677382190000003,1.4000000000000001,0.0,4.3268,3.19268,0.98902,1.0,26.02641323
2015-02-26,12.23164,1.6,0.0,8.4719,22.11948,6.51582,2.0,2.39268
2015-02-27,0.2,0.8,0.0,0.4,3.0,11.224811618,0.8,5.122214241
2015-02-28,0.2,2.0,0.0,10.033910053,0.2,0.0,9.200000000000001,0.0
2015-03-01,0.0,7.800000000000001,0.0,0.4,0.2,0.0,0.2,0.2
2015-03-02,0.0,0.0,0.0,0.0,3.2,0.0,0.0,0.0
2015-03-03,0.0,0.4,0.0,0.0,8.0,0.0,0.0,0.0
2015-03-04,0.0,1.57438,0.0,1.972236374,0.6000000000000001,7.839218463,0.2,0.0
2015-03-05,0.2,20.13648,0.0,0.79268,0.0,15.61557473,7.37072,12.800198769999998
2015-03-06,7.692637974,2.5707199999999997,0.0,9.63814706,0.0,0.0,0.2,17.14985294
2015-03-07,22.64132,0.4,,4.742466628000001,0.2,0.0,1.2000000000000002,1.7817
2015-03-08,3.3634,3.7597400000000003,,0.4,0.0,30.030491445,2.0,0.2
2015-03-09,4.17072,0.0,,2.17072,0.0,7.294364374,1.6,0.0
2015-03-10,1.2000000000000002,38.589551552,,52.141912082,0.0,45.845294716,4.2,35.823623047000005
2015-03-11,0.2,11.27922,,5.7113131720000005,0.0,5.5246406189999995,9.8,8.86424243
2015-03-12,0.6000000000000001,23.991058289999998,,42.694487673,23.50484,62.396868891,25.156080000000003,46.239053543
2015-03-13,0.4,0.0,,0.2,22.8,0.2,26.992680000000004,0.0
2015-03-14,0.2,0.0,,0.0,16.8,0.0,19.2,0.0
2015-03-15,0.2,0.0,,0.0,8.600000000000001,0.0,7.4,0.0
2015-03-16,0.2,1.3817,,0.0,0.2,31.93411971,3.6000000000000005,0.0
2015-03-17,0.2,0.0,,0.0,0.0,18.19578671,5.2,0.0
2015-03-18,0.2,0.0,,0.0,0.0,0.2,1.0,0.0
2015-03-19,0.2,0.0,,0.0,0.0,0.0,1.6,0.0
2015-03-20,0.0,0.2,,0.8,0.0,0.0,0.6000000000000001,0.2
2015-03-21,0.2,24.83766,,15.383982968000002,8.861390847,8.090200000000001,8.4,10.78536
2015-03-22,0.2,3.4000000000000004,,1.9852472509999999,5.518019623,2.36706,16.5634,0.4
2015-03-23,0.2,57.2301,,51.406724403,24.67107836,54.067215511,32.02668,4.556080000000001
2015-03-24,0.2,8.33778,,4.7241302560000005,8.757139405,9.257239307,29.134120000000003,1.8
2015-03-25,0.2,25.72054,,0.0,0.0,0.0,4.2,0.8
2015-03-26,0.4,0.0,,0.0,0.0,0.0,0.2,0.0
2015-03-27,0.2,0.0,,0.0,0.0,0.0,0.0,0.0
2015-03-28,0.0,0.0,,0.0,0.0,0.0,0.0,0.0
2015-03-29,0.2,0.0,,0.0,0.0,0.0,0.0,0.0
2015-03-30,0.2,1.98536,,17.613995448,7.685979722,0.0,0.0,17.733741042
2015-03-31,0.0,11.44262,,0.98536,0.4,0.0,0.0,4.0
2015-04-01,0.2,2.0,,0.0,2.56,0.0,0.0,15.55
2015-04-02,0.0,0.0,,0.0,0.0,0.0,0.2,1.0
2015-04-03,0.2,0.0,,0.0,0.0,0.0,0.0,0.0
2015-04-04,0.2,0.0,,0.0,0.0,0.0,0.0,0.0
2015-04-05,0.2,0.0,,0.0,0.0,0.0,0.0,0.0
2015-04-06,1.78,0.0,,2.96,1.98,0.0,0.0,0.4
2015-04-07,0.2,0.2,,0.0,0.0,0.0,0.0,4.19
2015-04-08,0.8,2.4000000000000004,,0.6000000000000001,0.0,4.19,3.6000000000000005,0.0
2015-04-09,0.2,0.2,,,0.0,0.2,0.2,0.0
2015-04-10,0.0,0.0,,,0.0,0.0,0.0,0.0
2015-04-11,0.0,0.0,,,0.0,0.0,0.2,0.0
2015-04-12,0.0,0.0,,,0.0,0.0,0.0,0.0
2015-04-13,0.0,0.0,,,0.0,0.0,0.0,0.0
2015-04-14,0.0,0.0,,,0.0,0.0,0.2,0.0
2015-04-15,0.0,0.0,,,0.0,0.0,0.0,0.0
2015-04-16,0.0,0.0,,,0.0,0.0,0.0,0.0
2015-04-17,0.0,0.0,,,0.0,0.0,0.0,0.0
2015-04-18,0.0,0.0,,,7.49,0.0,0.0,0.0
2015-04-19,0.0,0.0,,,1.57,0.0,0.0,0.0
2015-04-20,0.4,0.0,,,3.35,0.0,0.0,0.0
2015-04-21,0.79,2.96,,,0.0,0.2,0.0,0.8
2015-04-22,0.99,17.41,,,14.56,0.0,0.0,5.18
2015-04-23,0.79,1.8000000000000003,,,10.04,0.0,0.0,5.6000000000000005
2015-04-24,0.0,0.0,,,0.4,1.1800000000000002,0.2,0.0
2015-04-25,0.0,0.0,,,0.0,0.5900000000000001,0.0,0.0
2015-04-26,0.0,0.0,,,0.0,0.0,0.0,0.0
2015-04-27,0.0,0.0,,,0.0,0.0,0.0,0.0
2015-04-28,0.0,0.0,,,0.0,0.0,0.2,0.0
2015-04-29,2.96,1.2000000000000002,,,17.88,8.66,6.48,0.0
2015-04-30,0.0,1.6,,,0.4,0.2,1.2000000000000002,0.0
2015-05-01,0.0,0.2,,,23.84,0.0,0.0,0.0
2015-05-02,0.0,0.0,,,4.4,0.0,0.0,0.0
2015-05-03,0.0,0.0,,,0.0,0.0,0.0,0.0
2015-05-04,0.0,0.0,,,0.0,0.0,0.0,0.0
2015-05-05,9.82,6.960000000000001,,,10.39,12.040000000000001,8.600000000000001,12.9
2015-05-06,18.34,14.21,,,5.2,17.150000000000002,10.64,17.96
2015-05-07,8.71,20.240000000000002,,,14.200000000000001,0.2,1.18,5.91
2015-05-08,0.0,0.0,,,14.200000000000001,0.0,0.0,0.0
2015-05-09,0.0,0.0,,,10.0,0.0,0.0,0.0
2015-05-10,0.0,0.0,,,1.2000000000000002,0.0,0.2,0.0
2015-05-11,2.7800000000000002,1.6,,,0.0,10.280000000000001,11.86,0.2
2015-05-12,0.0,0.0,,,0.0,0.0,0.0,0.0
2015-05-13,0.0,0.0,,,0.0,0.0,0.0,0.0
2015-05-14,0.0,0.0,,,0.0,0.0,0.0,0.0
2015-05-15,0.0,0.0,,,0.0,0.0,0.2,0.0
2015-05-16,0.0,0.0,,,0.0,0.0,0.0,0.0
2015-05-17,0.0,0.0,,,0.0,0.0,0.0,0.0
2015-05-18,0.0,0.0,,,0.0,0.0,0.0,0.0
2015-05-19,0.0,0.0,,,0.0,0.0,0.0,0.0
2015-05-20,0.0,0.0,,,0.0,0.0,0.0,0.0
2015-05-21,0.0,0.0,,,0.0,0.0,0.0,0.0
2015-05-22,0.0,0.0,,,0.0,0.0,0.0,0.0
2015-05-23,0.0,0.0,,,0.0,0.0,0.0,0.0
2015-05-24,0.0,0.0,,,0.0,0.0,0.0,0.0
2015-05-25,0.0,0.0,,,0.0,0.0,0.0,0.0
2015-05-26,0.0,0.0,,,0.0,0.0,0.2,0.0
2015-05-27,0.0,0.0,,,0.0,0.0,0.0,0.0
2015-05-28,0.0,0.0,,,0.0,2.17,0.8,0.0
2015-05-29,4.54,4.79,,,4.59,8.69,8.98,8.33
2015-05-30,0.0,0.0,,,0.0,0.0,0.2,0.0
2015-05-31,0.0,0.0,0.0,,0.0,0.0,0.2,0.0
2015-06-01,0.0,0.0,0.0,,0.0,0.0,0.0,0.0
2015-06-02,0.2,0.4,,,0.0,0.0,0.0,0.6000000000000001
2015-06-03,2.5900000000000003,2.0,,,1.2000000000000002,6.71,6.370000000000001,1.8
2015-06-04,0.0,0.0,,,0.0,0.0,0.2,0.0
2015-06-05,0.0,0.0,0.0,,0.0,0.0,0.0,0.0
2015-06-06,0.0,0.0,0.0,,0.0,0.0,0.0,0.0
2015-06-07,0.0,0.0,0.0,,0.0,0.0,0.0,0.0
2015-06-08,0.0,0.0,0.0,,0.0,0.0,0.2,0.0
2015-06-09,0.0,0.0,0.0,,0.0,0.0,0.0,0.0
2015-06-10,0.0,0.0,0.0,,0.0,0.0,0.0,0.0
2015-06-11,0.0,0.0,0.0,,0.0,0.0,0.2,0.0
2015-06-12,0.0,0.0,0.0,,0.0,0.0,0.0,0.0
2015-06-13,0.0,0.0,0.0,,0.0,0.0,0.0,0.0
2015-06-14,0.0,0.0,,,0.0,0.0,0.0,0.0
2015-06-15,0.0,0.0,,,0.0,0.0,0.2,0.0
2015-06-16,0.6000000000000001,0.0,,,0.0,5.33,2.77,0.0
2015-06-17,0.0,0.0,,,0.0,0.0,0.2,0.0
2015-06-18,0.0,0.0,,,0.0,0.0,0.2,0.0
2015-06-19,0.0,0.0,0.0,,0.0,0.0,0.0,0.0
2015-06-20,0.0,0.0,0.0,,0.0,0.0,0.0,0.0
2015-06-21,0.0,0.0,0.0,,0.0,0.0,0.5900000000000001,0.0
2015-06-22,0.0,0.2,0.0,,0.0,0.4,0.79,0.4
2015-06-23,0.0,0.0,0.0,,0.0,0.0,0.0,0.0
2015-06-24,0.0,0.0,,,0.0,0.0,0.0,0.0
2015-06-25,0.0,0.0,,,0.0,0.0,0.0,0.0
2015-06-26,0.0,0.0,,,0.0,0.0,0.0,0.0
2015-06-27,0.0,0.0,0.0,,0.0,0.0,0.0,0.0
2015-06-28,0.0,0.0,0.0,,0.0,0.0,0.0,0.0
2015-06-29,0.0,0.0,0.0,,0.0,0.0,0.0,0.0
2015-06-30,0.0,0.2,0.0,,0.2,0.0,0.0,0.0
2015-07-01,0.0,0.0,0.0,,0.0,0.0,0.0,0.0
2015-07-02,0.0,0.0,0.0,,0.0,0.0,0.0,0.0
2015-07-03,0.0,0.0,0.0,,0.0,0.0,0.0,0.0
2015-07-04,0.0,0.0,0.0,,0.0,0.0,0.0,0.0
2015-07-05,0.0,0.0,,,0.0,0.0,0.0,0.0
2015-07-06,0.0,0.0,,,0.0,0.0,0.0,0.0
2015-07-07,0.0,0.0,,,0.0,0.0,0.2,0.0
2015-07-08,0.0,0.0,0.2,,0.0,0.0,0.0,0.0
2015-07-09,0.0,0.0,0.0,,0.0,0.0,0.0,0.0
2015-07-10,0.0,0.0,0.0,0.0,0.0,0.0,0.0,0.0
2015-07-11,0.0,0.0,0.0,0.0,0.0,0.0,0.0,0.0
2015-07-12,0.0,0.0,0.0,0.0,0.0,0.0,0.0,0.0
2015-07-13,0.0,0.0,0.0,0.0,0.0,0.0,0.0,0.0
2015-07-14,0.0,0.0,0.0,0.0,0.0,0.0,0.0,0.0
2015-07-15,0.0,0.0,0.0,0.0,0.0,0.0,0.0,0.0
2015-07-16,0.0,0.0,0.0,0.0,0.0,0.0,0.0,0.0
2015-07-17,0.0,1.3900000000000001,0.2,0.0,0.0,0.0,0.0,0.0
2015-07-18,0.0,0.0,0.0,0.0,0.0,0.0,0.0,0.0
2015-07-19,0.0,0.0,0.0,0.0,0.0,0.0,0.0,0.0
2015-07-20,0.0,0.0,0.0,0.0,0.0,0.0,0.0,0.0
2015-07-21,0.0,0.0,0.0,0.0,0.0,0.0,0.0,0.0
2015-07-22,0.0,0.0,0.0,0.0,0.0,0.0,0.0,0.0
2015-07-23,0.0,0.0,0.0,0.0,0.0,0.0,0.0,0.0
2015-07-24,0.0,0.0,0.0,0.0,0.0,0.0,0.0,0.0
2015-07-25,0.0,0.0,0.0,0.0,0.0,0.0,0.0,0.0
2015-07-26,0.0,0.0,0.79,0.0,0.0,0.0,0.0,0.0
2015-07-27,4.53,5.920000000000001,6.31,7.869999999999999,14.350000000000001,4.92,4.92,12.46
2015-07-28,0.0,0.0,0.0,0.0,0.0,0.0,0.2,0.0
2015-07-29,0.0,0.0,0.0,0.0,0.0,0.0,0.0,0.0
2015-07-30,0.0,0.0,0.39,0.0,0.0,0.0,0.0,0.0
2015-07-31,0.0,0.0,0.0,0.0,0.0,0.0,0.0,0.0
2015-08-01,0.0,0.0,0.0,0.0,0.0,0.0,0.0,0.0
2015-08-02,0.0,0.0,0.0,0.0,0.0,0.0,0.0,0.0
2015-08-03,0.0,0.0,0.0,0.0,0.0,0.0,0.0,0.0
2015-08-04,0.0,0.0,0.0,0.0,0.0,0.0,0.0,0.0
2015-08-05,0.0,0.0,0.0,0.0,0.0,0.0,0.0,0.0
2015-08-06,0.0,0.0,0.0,0.0,0.0,0.0,0.0,0.0
2015-08-07,0.0,0.0,0.0,0.0,0.0,0.0,0.0,0.0
2015-08-08,0.0,0.0,0.0,0.0,0.0,0.0,0.0,0.0
2015-08-09,0.0,0.0,0.0,0.0,0.0,0.0,0.0,0.0
2015-08-10,0.0,0.0,0.0,0.0,0.0,0.0,0.0,0.0
2015-08-11,0.0,0.0,0.0,0.0,0.0,0.0,0.0,0.0
2015-08-12,0.0,0.0,0.0,0.0,0.0,0.0,0.0,0.0
2015-08-13,0.0,0.0,0.0,0.0,0.0,0.0,0.0,0.0
2015-08-14,0.0,0.0,0.0,0.0,0.0,0.0,0.0,0.0
2015-08-15,0.0,0.0,0.0,0.0,0.0,0.0,0.0,0.0
2015-08-16,0.0,0.0,0.0,0.0,0.0,0.0,0.0,0.0
2015-08-17,0.0,0.0,0.0,0.0,0.0,0.0,0.0,0.0
2015-08-18,0.0,0.0,0.0,0.0,0.0,0.0,0.0,0.0
2015-08-19,0.0,0.0,0.0,0.0,0.0,0.0,0.0,0.0
2015-08-20,0.0,0.0,0.0,0.0,0.0,0.0,0.0,0.0
2015-08-21,0.0,0.0,0.0,0.0,0.0,0.0,0.0,0.0
2015-08-22,0.0,0.0,0.0,0.0,0.0,0.0,0.0,0.0
2015-08-23,0.0,0.0,0.0,0.0,0.0,0.0,0.0,0.0
2015-08-24,0.0,0.0,0.0,0.0,0.0,0.0,0.0,0.0
2015-08-25,0.0,0.0,0.0,0.0,0.0,0.0,0.0,0.0
2015-08-26,0.0,0.0,0.0,0.0,0.0,0.2,0.2,0.0
2015-08-27,0.0,0.0,0.0,0.0,0.0,0.0,0.0,0.2
2015-08-28,0.0,0.0,0.0,0.0,0.0,0.0,0.0,0.0
2015-08-29,0.0,0.0,0.0,0.0,0.0,0.0,0.0,0.0
2015-08-30,0.0,0.0,0.0,0.0,0.0,0.0,0.0,0.0
2015-08-31,0.0,0.0,0.0,0.0,0.0,0.0,0.0,0.0
2015-09-01,0.0,0.0,0.0,0.0,0.0,0.0,0.0,0.0
2015-09-02,0.0,0.0,0.0,0.0,0.0,0.0,0.0,0.0
2015-09-03,0.0,0.0,0.0,0.0,0.0,0.0,0.0,0.0
2015-09-04,0.0,0.0,0.0,0.0,0.0,0.0,0.0,0.0
2015-09-05,7.1,1.38,27.83,6.5,1.8,12.39,10.830000000000002,3.58
2015-09-06,0.4,1.19,8.86,0.0,0.8,5.78,16.93,3.4000000000000004
2015-09-07,0.0,1.58,23.32,1.18,0.0,7.6000000000000005,22.47,1.8
2015-09-08,9.28,9.28,42.07,8.27,5.17,4.800000000000001,37.209999999999994,1.4000000000000001
2015-09-09,0.2,12.79,29.11,19.1,14.73,5.4,33.23,1.4000000000000001
2015-09-10,0.2,0.0,0.0,0.0,0.0,6.0,0.2,9.200000000000001
2015-09-11,0.2,0.2,0.4,0.0,0.0,6.0,0.4,2.0
2015-09-12,0.0,0.39,0.99,0.2,0.2,5.2,0.79,0.0
2015-09-13,0.2,3.15,8.27,23.19,0.2,6.800000000000001,9.850000000000001,7.5600000000000005
2015-09-14,0.0,0.0,0.0,0.0,0.2,7.800000000000001,0.0,3.52
2015-09-15,0.2,0.0,0.0,0.0,0.2,11.200000000000001,0.0,0.0
2015-09-16,0.0,0.0,0.42,0.0,0.8,9.600000000000001,0.0,0.0
2015-09-17,0.0,0.0,0.0,0.0,3.0,6.800000000000001,0.0,0.0
2015-09-18,0.0,0.0,0.0,0.0,0.0,1.6,0.0,0.0
2015-09-19,0.0,0.0,0.0,0.0,0.0,0.0,0.0,0.0
2015-09-20,0.0,0.0,0.0,0.0,0.0,0.0,0.0,0.0
2015-09-21,0.0,0.0,0.0,0.0,0.0,0.0,0.0,0.0
2015-09-22,0.0,0.0,0.0,0.0,0.0,0.0,0.0,0.0
2015-09-23,0.0,0.0,0.0,0.0,0.0,0.0,0.0,0.0
2015-09-24,0.0,0.0,0.0,0.0,0.0,0.0,0.0,0.0
2015-09-25,0.0,0.0,0.0,0.0,0.0,0.0,0.0,0.0
2015-09-26,0.0,0.0,0.0,0.0,0.0,0.0,0.0,0.0
2015-09-27,0.0,0.0,0.0,0.0,0.0,0.0,0.0,0.0
2015-09-28,0.0,0.0,0.0,0.0,0.0,0.0,0.0,0.0
2015-09-29,0.0,0.0,0.0,0.0,0.0,0.6000000000000001,0.0,0.0
2015-09-30,0.0,0.0,0.0,0.0,0.0,0.2,0.2,0.0
2015-10-01,0.6000000000000001,0.0,0.0,0.0,0.0,0.0,0.0,0.0
2015-10-02,5.72,1.7799999999999998,18.52,8.86,0.6000000000000001,1.98,11.82,0.2
2015-10-03,0.0,0.6000000000000001,0.0,0.2,4.34,3.6,0.2,0.2
2015-10-04,0.0,0.0,3.75,0.0,0.0,1.8,2.3600000000000003,0.0
2015-10-05,0.0,0.0,0.2,0.0,0.0,1.4000000000000001,0.0,0.0
2015-10-06,0.0,0.0,0.0,0.0,0.0,1.0,0.0,0.0
2015-10-07,0.0,0.0,0.0,0.0,0.0,0.6000000000000001,0.0,0.0
2015-10-08,0.0,0.0,0.0,0.0,0.0,0.0,0.0,0.0
2015-10-09,0.0,0.0,0.0,0.0,0.0,0.0,0.0,0.0
2015-10-10,0.0,0.0,0.0,0.0,0.0,0.0,0.0,0.0
2015-10-11,0.0,0.0,0.0,0.0,0.0,0.0,0.0,0.0
2015-10-12,0.0,0.0,0.0,0.0,0.0,0.0,0.0,0.0
2015-10-13,0.0,0.0,0.0,0.0,0.0,0.0,0.0,0.0
2015-10-14,0.0,0.0,0.0,0.0,0.0,0.0,0.0,0.0
2015-10-15,0.0,0.0,0.0,0.0,0.0,0.0,0.0,0.0
2015-10-16,0.0,0.0,0.0,0.0,0.0,0.0,0.0,0.0
2015-10-17,0.0,0.0,0.0,0.0,0.0,0.0,0.0,0.0
2015-10-18,,,,,,,,
2015-10-19,0.0,0.0,0.0,0.0,0.0,0.0,0.0,0.0
2015-10-20,0.0,0.0,0.0,0.0,0.0,0.0,0.0,0.0
2015-10-21,0.0,0.0,0.2,0.0,0.0,0.0,0.0,0.0
2015-10-22,2.77,4.93,2.17,7.29,0.4,0.8,5.5200000000000005,0.2
2015-10-23,0.6000000000000001,29.5,22.25,26.970000000000002,19.11,2.2,19.84,17.94
2015-10-24,1.4000000000000001,0.0,0.0,0.0,0.0,1.4000000000000001,0.0,4.0
2015-10-25,0.0,0.0,0.0,0.0,0.0,1.2000000000000002,0.0,0.0
2015-10-26,0.2,0.0,0.0,0.0,0.0,1.0,0.0,0.0
2015-10-27,1.1900000000000002,6.12,1.2000000000000002,12.010000000000002,1.8,1.2000000000000002,11.81,2.19
2015-10-28,0.2,33.25,1.2000000000000002,16.32,38.77,1.4000000000000001,13.989999999999998,42.2
2015-10-29,0.2,0.2,0.8,0.2,0.2,1.2000000000000002,0.0,0.2
2015-10-30,0.0,0.0,1.6,0.0,0.0,1.2000000000000002,0.0,0.0
2015-10-31,0.0,0.0,1.4000000000000001,0.0,0.0,1.2000000000000002,0.0,0.0
2015-11-01,0.0,0.0,1.0,0.0,0.0,1.0,0.0,0.0
2015-11-02,0.0,0.0,0.8,0.0,0.0,0.6000000000000001,0.0,0.0
2015-11-03,0.0,0.0,0.0,0.0,0.2,0.2,0.0,0.2
2015-11-04,0.0,0.2,0.0,0.0,0.0,0.0,0.0,0.2
2015-11-05,0.0,0.0,0.2,0.0,0.0,0.0,0.0,0.0
2015-11-06,0.0,0.0,0.4,0.0,0.0,0.0,0.0,0.0
2015-11-07,3.1799999999999997,0.0,4.4,1.58,0.0,0.2,4.92,0.0
2015-11-08,0.2,7.300000000000001,0.8,3.34,0.0,1.4000000000000001,0.79,2.0
2015-11-09,0.0,0.0,23.82,0.0,0.0,0.8,0.0,0.0
2015-11-10,0.0,0.0,2.8000000000000003,0.0,0.0,0.6000000000000001,0.0,0.0
2015-11-11,0.0,0.0,0.4,0.0,0.0,0.6000000000000001,0.0,0.0
2015-11-12,0.5900000000000001,0.0,0.6000000000000001,0.98,0.0,0.2,0.0,1.2000000000000002
2015-11-13,6.11,17.709999999999997,3.9699999999999998,16.73,0.0,0.0,17.25,11.200000000000001
2015-11-14,5.800000000000001,32.88,56.94,29.94,0.2,1.4000000000000001,21.23,22.22
2015-11-15,0.2,0.0,0.0,0.0,0.0,2.6,1.5799999999999998,14.26
2015-11-16,0.2,4.140000000000001,0.8,18.12,0.0,9.93,4.9399999999999995,3.6
2015-11-17,0.2,10.249999999999998,2.0,8.09,0.0,27.64,17.75,9.4
2015-11-18,0.2,48.37,5.4,66.67999999999999,0.8,5.6899999999999995,5.3,32.48
2015-11-19,0.4,12.399999999999999,1.4000000000000001,47.4,1.2000000000000002,5.9399999999999995,10.04,10.07
2015-11-20,0.2,39.86,0.6000000000000001,47.06,0.2,27.89,35.6,30.82
2015-11-21,0.2,0.0,2.6,0.0,0.2,15.36,0.2,13.75
2015-11-22,0.2,0.0,0.8,23.39,0.2,3.39,20.07,0.2
2015-11-23,0.4,26.27,0.8,13.77,30.060000000000002,10.8,14.93,0.4
2015-11-24,0.0,9.459999999999999,1.0,12.969999999999999,32.02,30.68,6.48,9.0
2015-11-25,0.2,0.0,4.0,0.0,20.6,0.0,0.0,6.4
2015-11-26,0.2,0.0,3.2,0.0,0.0,0.0,0.0,0.0
2015-11-27,0.0,0.0,16.59,0.0,0.0,0.0,0.0,0.0
2015-11-28,0.0,0.0,5.2,0.0,0.0,0.0,0.0,0.0
2015-11-29,0.2,27.939999999999998,0.8,4.15,0.2,3.18,23.58,0.6000000000000001
2015-11-30,0.0,0.2,27.78,0.2,0.8,18.59,7.2700000000000005,0.0
2015-12-01,0.0,0.0,4.0,3.37,0.4,8.600000000000001,11.42,3.4000000000000004
2015-12-02,0.2,28.94,3.6,16.630000000000003,0.4,1.6,6.13,0.4
2015-12-03,0.0,17.53,19.47,3.97,0.2,1.4000000000000001,8.26,6.4
2015-12-04,0.0,0.0,2.0,0.0,0.4,7.6000000000000005,2.35,0.0
2015-12-05,0.0,13.19,0.6000000000000001,17.7,2.8000000000000003,14.07,14.15,10.190000000000001
2015-12-06,0.0,0.0,0.6000000000000001,0.39,5.4,0.2,0.0,1.4000000000000001
2015-12-07,0.0,23.36,0.8,24.58,4.800000000000001,4.98,23.6,4.6000000000000005
2015-12-08,0.0,14.55,0.8,14.000000000000002,4.4,19.21,7.68,18.61
2015-12-09,0.0,8.28,1.0,0.0,4.6000000000000005,10.540000000000001,8.08,4.4
2015-12-10,0.2,9.82,1.0,10.83,3.6,8.0,20.990000000000002,1.0
2015-12-11,0.0,54.300000000000004,1.0,3.16,4.0,6.6000000000000005,4.140000000000001,11.39
2015-12-12,0.0,0.8,2.0,0.0,3.0,11.200000000000001,0.2,0.0
2015-12-13,0.0,0.0,6.4,0.0,1.0,2.4000000000000004,0.4,0.0
2015-12-14,0.0,9.27,2.2,3.1500000000000004,0.4,6.4,0.0,5.2
2015-12-15,0.0,0.0,1.4000000000000001,5.12,0.2,3.8000000000000003,0.0,0.0
2015-12-16,0.0,0.0,1.0,0.0,0.0,2.0,12.790000000000001,0.0
2015-12-17,0.0,0.0,0.8,0.0,0.0,2.0,31.13,1.4000000000000001
2015-12-18,0.0,8.07,1.0,33.96,0.2,2.2,13.41,2.4000000000000004
2015-12-19,0.0,0.2,1.0,3.1500000000000004,0.2,1.6,0.2,1.2000000000000002
2015-12-20,0.0,0.6000000000000001,1.0,19.13,0.0,1.6,0.4,0.0
2015-12-21,0.0,0.0,1.0,0.0,0.0,6.4,0.0,0.0
2015-12-22,0.0,0.0,1.0,0.0,0.0,3.4000000000000004,0.0,0.0
2015-12-23,0.0,0.0,0.8,0.0,0.0,1.4000000000000001,0.0,0.0
2015-12-24,0.0,0.0,1.0,0.0,0.0,0.0,0.0,0.0
2015-12-25,0.0,0.0,0.6000000000000001,0.0,0.0,0.0,0.0,1.2
2015-12-26,1.5899999999999999,2.56,0.8,21.06,0.0,0.0,0.2,9.49
2015-12-27,0.2,0.0,0.6000000000000001,0.0,0.0,0.0,0.0,1.4
2015-12-28,0.0,0.0,5.0,0.0,0.0,0.0,0.79,0.0
2015-12-29,0.0,0.98,2.4000000000000004,0.0,0.0,0.0,0.0,0.0
2015-12-30,0.0,10.2,0.6000000000000001,1.0,0.0,0.4,9.42,5.98
2015-12-31,0.0,0.0,0.8,0.0,0.0,0.0,1.37,3.4000000000000004
2016-01-01,0.0,2.3600000000000003,0.8,1.1800000000000002,0.0,0.0,0.0,4.6000000000000005
2016-01-02,1.0,1.0,0.6000000000000001,5.31,0.4,1.4000000000000001,4.800000000000001,3.2
2016-01-03,0.2,21.44,0.6000000000000001,7.27,3.0,6.5,15.93,10.3
2016-01-04,0.2,13.25,0.8,5.36,6.2,10.8,7.13,11.44
2016-01-05,0.0,0.0,1.2000000000000002,0.0,5.6000000000000005,4.6000000000000005,0.0,0.2
2016-01-06,0.0,0.0,1.2000000000000002,0.0,2.0,0.0,0.0,0.0
2016-01-07,0.0,0.0,2.4000000000000004,0.0,0.0,0.0,0.0,0.0
2016-01-08,0.0,0.0,8.600000000000001,0.0,0.0,0.0,0.0,0.0
2016-01-09,0.0,0.0,9.0,0.59,0.0,0.0,0.2,0.0
2016-01-10,0.0,15.209999999999999,9.540000000000001,0.0,0.0,0.0,0.0,0.0
2016-01-11,0.0,0.0,0.0,0.0,0.0,0.0,0.0,0.0
2016-01-12,2.0,17.14,36.01,17.34,7.92,8.8,30.360000000000003,27.21
2016-01-13,0.2,7.890000000000001,8.72,3.5500000000000003,2.8000000000000003,12.4,3.15,6.7700000000000005
2016-01-14,0.0,2.7600000000000002,1.4000000000000001,1.78,1.5899999999999999,8.8,9.49,1.2000000000000002
2016-01-15,1.4000000000000001,42.74,16.68,10.67,27.999999999999996,4.0,22.3,15.85
2016-01-16,0.0,106.95,54.02,52.17,73.06,7.0,64.68,71.78999999999999
2016-01-17,0.4,101.99,74.69,86.97,53.93,7.800000000000001,73.62,87.0
2016-01-18,0.2,14.24,3.0,7.550000000000001,9.72,9.8,12.27,7.99
2016-01-19,0.0,33.68,11.200000000000001,46.269999999999996,27.54,3.0,34.85,22.97
2016-01-20,0.0,8.49,10.200000000000001,12.01,15.31,2.2,12.98,34.0
2016-01-21,0.0,0.0,2.8000000000000003,0.0,0.0,2.2,12.790000000000001,0.0
2016-01-22,0.0,0.4,1.4000000000000001,0.0,0.0,2.4000000000000004,0.0,0.0
2016-01-23,0.0,16.389999999999997,1.2000000000000002,0.0,0.0,2.0,0.0,0.0
2016-01-24,0.0,1.4000000000000001,2.0,1.0,4.13,2.0,0.4,1.4000000000000001
2016-01-25,0.0,0.4,3.8000000000000003,0.0,0.0,2.0,0.2,0.2
2016-01-26,0.0,40.34,1.4000000000000001,55.4,14.55,2.2,27.91,54.17
2016-01-27,0.0,4.739999999999999,1.2000000000000002,7.1000000000000005,0.0,2.0,13.57,16.23
2016-01-28,0.0,15.799999999999999,1.8,15.95,5.32,2.2,38.33,10.05
2016-01-29,0.0,6.109999999999999,1.4000000000000001,8.67,15.150000000000002,2.0,18.31,29.14
2016-01-30,0.0,0.0,1.4000000000000001,0.0,0.0,2.2,0.0,0.0
2016-01-31,0.0,0.0,1.2000000000000002,0.0,0.0,2.0,0.0,0.0
2016-02-01,0.0,0.0,1.2000000000000002,0.0,0.0,2.0,0.0,0.0
2016-02-02,0.0,0.0,3.4000000000000004,0.0,0.0,2.2,0.0,0.0
2016-02-03,0.0,0.0,13.200000000000001,4.53,0.0,4.800000000000001,0.0,0.0
2016-02-04,0.0,11.83,8.8,25.36,0.0,8.8,0.0,2.37
2016-02-05,0.0,0.0,5.6000000000000005,0.0,0.0,16.3,0.0,0.0
2016-02-06,0.0,0.0,0.0,0.0,0.0,4.57,0.0,0.0
2016-02-07,0.0,0.0,0.0,0.0,0.0,0.0,0.0,0.0
2016-02-08,0.0,0.0,0.0,0.0,0.0,0.0,0.0,0.0
2016-02-09,0.0,0.0,0.0,0.0,0.0,0.0,0.0,0.0
2016-02-10,0.0,0.0,0.0,0.0,0.0,0.0,0.0,0.0
2016-02-11,0.0,28.849999999999998,16.91,0.0,0.0,2.95,1.39,0.0
2016-02-12,0.2,47.010000000000005,38.49,10.24,61.99,5.0,6.37,
2016-02-13,0.2,0.0,9.180000000000001,0.2,0.2,4.0,5.51,
2016-02-14,0.0,0.0,1.59,0.0,0.0,0.6000000000000001,0.4,
2016-02-15,0.0,31.7,4.6000000000000005,0.0,0.0,0.2,10.88,
2016-02-16,0.0,0.0,0.0,0.0,0.0,0.0,0.0,
2016-02-17,0.0,0.0,0.0,0.0,0.0,0.0,0.0,
2016-02-18,0.0,15.73,10.25,27.96,14.97,10.99,18.34,
2016-02-19,0.0,0.6000000000000001,0.8,1.38,0.0,0.6000000000000001,0.0,
2016-02-20,0.0,0.0,0.6000000000000001,0.0,0.0,0.0,0.0,
2016-02-21,0.0,0.0,0.4,0.0,0.2,3.7800000000000002,4.5600000000000005,
2016-02-22,0.0,0.0,0.4,0.0,0.0,10.0,22.8,
2016-02-23,0.0,0.0,0.6000000000000001,0.0,0.0,1.6,0.0,
2016-02-24,0.0,0.0,0.6000000000000001,0.0,0.0,0.0,0.0,
2016-02-25,1.58,26.259999999999998,0.4,24.19,54.29,3.37,3.2,
2016-02-26,0.2,44.72,0.6000000000000001,1.79,7.69,11.200000000000001,11.6,
2016-02-27,0.0,31.470000000000002,0.4,0.4,2.37,5.800000000000001,0.4,
2016-02-28,0.0,27.24,0.6000000000000001,2.59,11.04,5.4,11.48,
2016-02-29,0.0,5.329999999999999,0.6000000000000001,9.44,31.89,5.6000000000000005,27.18,
2016-03-01,0.0,0.0,0.6000000000000001,0.0,0.2,4.0,4.2,
2016-03-02,0.0,0.0,0.4,0.0,0.0,2.8000000000000003,0.0,
2016-03-03,0.0,0.0,0.6000000000000001,4.33,6.5,1.8,0.0,
2016-03-04,0.0,15.38,0.8,16.939999999999998,12.41,1.6,6.59,
2016-03-05,0.0,13.17,0.6000000000000001,14.759999999999998,12.370000000000001,3.0,15.73,
2016-03-06,0.0,0.0,0.8,0.0,0.0,4.2,0.2,
2016-03-07,0.0,0.2,0.8,0.0,0.5900000000000001,2.8000000000000003,13.219999999999999,
2016-03-08,0.0,0.0,0.8,0.0,0.0,2.4000000000000004,10.43,
2016-03-09,0.0,0.0,0.8,0.0,0.0,2.4000000000000004,0.0,
2016-03-10,0.0,0.0,3.2,0.0,0.0,2.2,0.0,
2016-03-11,1.2000000000000002,1.19,1.8,16.65,0.6000000000000001,5.4,5.59,
2016-03-12,0.2,1.59,1.2000000000000002,3.96,9.659999999999998,3.0,21.7,
2016-03-13,0.2,6.5200000000000005,2.4000000000000004,2.17,0.79,2.6,2.4000000000000004,
2016-03-14,0.2,0.79,3.8000000000000003,0.0,5.7,1.4000000000000001,0.8,
2016-03-15,0.0,5.71,13.8,0.0,0.0,1.4000000000000001,4.0,
2016-03-16,0.0,2.96,24.07,0.2,0.0,1.4000000000000001,3.6,
2016-03-17,0.0,0.0,0.0,0.0,0.0,1.2000000000000002,0.2,
2016-03-18,0.0,0.0,0.8,0.0,0.0,1.2000000000000002,0.0,
2016-03-19,0.0,0.0,0.0,0.0,0.0,1.2000000000000002,0.0,
2016-03-20,0.0,0.0,0.0,0.0,0.0,1.2000000000000002,0.0,
2016-03-21,0.0,0.0,0.0,0.0,0.0,1.6,0.0,
2016-03-22,0.0,0.0,0.0,0.0,0.0,1.6,0.0,
2016-03-23,2.56,0.0,0.0,5.109999999999999,4.33,0.6000000000000001,0.0,
2016-03-24,0.4,13.98,12.26,56.68,24.169999999999998,17.27,44.0,
2016-03-25,0.2,0.0,0.6000000000000001,0.0,0.0,39.78,5.6899999999999995,
2016-03-26,0.0,32.15,0.4,4.34,0.2,2.77,2.6,
2016-03-27,0.0,0.2,0.6000000000000001,0.0,0.0,2.96,0.4,
2016-03-28,0.0,0.0,0.4,0.0,0.0,0.0,0.4,
2016-03-29,0.0,0.0,0.4,0.0,0.0,0.0,0.0,
2016-03-30,0.0,0.0,0.4,0.0,0.0,0.0,0.4,
2016-03-31,0.0,0.0,0.2,0.0,0.0,0.0,0.0,
2016-04-01,0.0,0.0,0.6000000000000001,0.0,0.0,0.0,0.0,
2016-04-02,0.0,0.0,0.6000000000000001,17.979999999999997,0.0,0.0,0.0,
2016-04-03,0.0,0.0,0.4,0.0,0.0,0.0,0.0,
2016-04-04,0.0,0.0,0.4,0.0,0.0,0.0,0.0,
2016-04-05,0.0,0.0,0.4,0.0,0.0,0.0,0.0,
2016-04-06,0.0,0.0,0.4,0.0,0.0,0.0,0.0,
2016-04-07,0.0,0.0,0.6000000000000001,0.0,0.0,0.0,0.0,
2016-04-08,0.0,0.0,0.4,0.0,0.0,0.0,0.0,
2016-04-09,0.0,0.0,0.2,0.0,0.0,0.0,0.0,
2016-04-10,0.0,0.0,0.4,0.0,0.0,0.0,0.2,
2016-04-11,0.0,0.0,0.2,0.0,0.0,0.0,0.0,
2016-04-12,0.0,0.0,1.8,0.0,0.0,0.0,0.0,
2016-04-13,0.0,0.0,0.0,0.0,0.0,0.0,0.0,
2016-04-14,0.0,0.0,0.0,0.0,0.0,0.0,0.0,
2016-04-15,0.0,0.0,0.0,0.0,0.0,0.0,0.0,
2016-04-16,0.0,0.0,0.0,0.0,0.0,0.0,0.0,
2016-04-17,0.0,0.0,0.0,0.0,0.0,0.0,0.0,
2016-04-18,0.0,0.0,0.0,0.0,0.0,0.0,0.0,
2016-04-19,0.0,0.0,0.0,0.0,0.0,0.0,0.0,
2016-04-20,0.0,0.0,0.0,0.0,0.0,0.0,0.0,
2016-04-21,0.0,0.0,0.0,0.0,0.0,0.0,0.0,
2016-04-22,0.0,0.2,0.0,0.5900000000000001,2.37,0.0,0.0,
2016-04-23,0.0,0.0,0.0,0.0,0.0,0.0,0.0,
2016-04-24,0.0,0.0,0.0,0.0,0.0,0.0,0.0,
2016-04-25,0.0,0.0,0.0,0.0,0.0,0.0,0.0,
2016-04-26,0.0,0.0,0.0,0.0,0.0,0.0,0.0,
2016-04-27,1.57,0.0,5.91,1.97,0.0,7.72,7.94,
2016-04-28,0.4,3.75,0.8,8.08,4.52,0.6000000000000001,3.4000000000000004,
2016-04-29,0.4,9.3,3.38,13.610000000000001,12.78,8.72,8.190000000000001,
2016-04-30,1.0,0.4,0.6000000000000001,0.4,0.0,1.6,8.600000000000001,
2016-05-01,0.2,0.0,0.4,0.0,0.0,1.6,0.6000000000000001,
2016-05-02,0.0,0.0,0.6000000000000001,0.0,0.0,0.6000000000000001,0.0,
2016-05-03,0.0,0.0,29.959999999999997,0.0,0.0,0.4,0.0,
2016-05-04,0.0,0.0,1.0,0.0,0.0,0.0,0.2,
2016-05-05,0.0,0.0,0.2,0.0,0.0,0.0,0.0,
2016-05-06,0.2,0.0,0.4,0.0,0.0,0.0,0.0,
2016-05-07,0.0,0.0,0.2,0.0,0.0,0.0,0.2,
2016-05-08,0.0,0.0,0.4,0.0,0.0,0.0,0.0,
2016-05-09,0.0,0.0,0.2,0.0,0.0,0.0,0.0,
2016-05-10,0.0,0.0,0.2,0.0,0.0,0.0,0.0,
2016-05-11,0.0,0.0,0.8,0.0,0.0,0.0,0.0,
2016-05-12,0.0,1.3900000000000001,1.2000000000000002,0.0,0.0,0.2,0.4,
2016-05-13,0.0,0.0,0.2,0.0,0.0,0.0,0.0,
2016-05-14,0.0,0.0,0.0,0.0,0.0,0.0,0.0,
2016-05-15,0.0,0.0,0.0,0.0,0.0,0.0,0.0,
2016-05-16,0.0,0.0,0.0,0.0,0.0,0.0,0.2,
2016-05-17,0.0,0.0,0.0,0.0,0.0,0.0,0.0,
2016-05-18,0.0,0.0,0.0,0.0,0.0,0.0,0.0,
2016-05-19,0.0,0.0,0.0,0.0,0.0,0.0,0.0,
2016-05-20,0.0,0.0,0.0,0.0,0.0,0.6000000000000001,0.6000000000000001,
2016-05-21,0.0,0.0,0.0,0.0,0.0,0.0,0.0,
2016-05-22,0.0,0.0,0.0,0.0,0.0,0.0,0.0,
2016-05-23,0.0,0.0,0.0,0.0,0.0,0.0,0.0,
2016-05-24,0.0,0.0,0.0,0.0,0.0,0.0,0.0,
2016-05-25,0.0,0.0,0.0,0.0,0.0,0.0,0.0,
2016-05-26,0.0,0.0,0.0,0.0,0.0,0.0,0.0,
2016-05-27,0.0,0.0,0.0,0.0,0.0,0.0,0.2,
2016-05-28,0.0,0.0,0.0,0.0,0.0,0.0,0.0,
2016-05-29,0.0,0.0,0.0,0.0,0.0,0.0,0.2,
2016-05-30,0.0,0.0,0.0,0.0,0.0,0.0,0.0,
2016-05-31,0.0,0.0,0.0,0.0,0.0,0.0,0.0,
2016-06-01,0.0,0.6000000000000001,0.2,8.48,5.319999999999999,2.0,1.8,
2016-06-02,6.72,18.14,17.74,11.24,15.93,3.6,15.67,
2016-06-03,1.4000000000000001,32.76,7.390000000000001,36.22,37.620000000000005,5.0,9.4,
2016-06-04,0.2,3.99,7.000000000000001,1.5899999999999999,4.33,1.6,8.4,
2016-06-05,0.2,0.0,11.0,0.0,0.0,1.6,7.2,
2016-06-06,0.0,0.0,2.79,0.0,0.0,1.4000000000000001,5.2,
2016-06-07,0.0,2.0,,0.5900000000000001,0.2,1.2000000000000002,3.6,
2016-06-08,0.0,1.0,,0.0,0.0,1.2000000000000002,1.8,
2016-06-09,0.0,1.2000000000000002,,0.99,0.0,1.0,0.0,
2016-06-10,0.0,1.4000000000000001,,0.2,0.0,1.2000000000000002,0.8,
2016-06-11,0.0,0.0,,0.0,0.0,1.0,0.2,
2016-06-12,0.0,0.0,,0.0,0.0,0.8,0.0,
2016-06-13,0.0,0.0,,0.0,0.0,0.8,0.0,
2016-06-14,0.0,0.0,,0.0,0.0,0.6000000000000001,0.0,
2016-06-15,0.0,0.0,,0.0,0.0,0.8,0.2,
2016-06-16,0.0,0.0,,0.0,0.0,0.6000000000000001,0.0,
2016-06-17,0.0,0.0,,0.0,0.0,0.4,0.2,
2016-06-18,0.0,0.0,,0.0,0.0,0.6000000000000001,0.2,
2016-06-19,0.0,0.0,,0.0,0.0,0.4,0.0,
2016-06-20,0.0,0.0,,0.0,0.0,0.0,0.2,
2016-06-21,0.0,0.0,,0.0,0.0,0.0,0.0,
2016-06-22,0.0,0.0,,0.0,0.0,0.0,0.0,
2016-06-23,0.0,0.0,,0.0,0.0,0.0,0.2,
2016-06-24,0.0,0.0,,0.0,0.0,0.0,0.0,
2016-06-25,0.0,0.0,,0.0,0.0,0.0,0.2,
2016-06-26,0.0,0.0,,0.0,0.0,0.0,0.0,
2016-06-27,0.0,0.0,,0.0,0.0,0.0,0.0,
2016-06-28,0.0,0.0,,0.0,0.0,0.0,0.0,
2016-06-29,0.0,0.0,,0.0,0.0,0.0,0.2,
2016-06-30,0.0,0.0,,0.0,0.0,0.0,0.0,
2016-07-01,,,,,,,0.2,
2016-07-02,,,,,,,0.0,
2016-07-03,,,,,,,0.0,
2016-07-04,,,,,,,0.2,
2016-07-05,,,,,,,0.0,
2016-07-06,,,,,,,0.0,
2016-07-07,0.0,0.0,,0.0,0.0,0.0,0.0,
2016-07-08,0.0,0.0,,0.0,0.0,0.0,0.0,
2016-07-09,0.0,0.0,,0.0,0.0,0.0,0.0,
2016-07-10,0.0,0.0,,0.0,0.0,0.0,0.0,
2016-07-11,0.0,0.0,,0.0,0.0,0.0,0.2,
2016-07-12,0.0,0.0,,0.0,0.0,0.0,0.0,
2016-07-13,0.0,0.0,,0.0,0.0,0.0,0.0,
2016-07-14,0.0,0.0,,0.0,0.0,0.0,0.0,
2016-07-15,0.0,0.0,,0.0,0.0,0.0,0.0,
2016-07-16,0.0,0.0,,0.0,0.0,0.0,0.0,
2016-07-17,0.0,0.0,,0.0,0.0,0.0,0.0,
2016-07-18,0.0,0.0,,0.0,0.0,0.0,0.0,
2016-07-19,0.0,0.0,,0.0,0.0,0.0,0.0,
2016-07-20,0.0,0.0,,0.0,0.0,0.0,0.2,
2016-07-21,0.0,0.0,,0.0,0.0,0.2,0.4,
2016-07-22,0.0,0.0,,0.0,0.0,0.0,0.0,
2016-07-23,0.0,0.0,,0.0,0.0,0.0,0.0,
2016-07-24,0.0,0.0,,0.0,0.0,0.0,0.0,
2016-07-25,0.0,0.0,,0.0,0.0,0.0,0.0,
2016-07-26,0.0,0.0,,0.0,0.0,0.0,0.0,
2016-07-27,0.0,0.0,,0.0,0.0,0.0,0.0,
2016-07-28,0.0,0.0,,0.0,0.0,0.0,0.0,
2016-07-29,0.0,0.0,,0.0,0.0,0.0,0.0,
2016-07-30,0.0,0.0,,0.0,0.0,0.0,0.0,
2016-07-31,0.0,0.0,,0.0,0.0,0.0,0.0,
2016-08-01,0.0,0.0,,0.0,0.0,0.0,0.0,
2016-08-02,0.0,0.0,,0.0,0.0,0.0,0.0,
2016-08-03,0.0,0.0,,0.0,0.0,0.0,0.0,
2016-08-04,0.0,0.0,,0.0,0.0,0.0,0.0,
2016-08-05,0.0,0.0,,0.0,0.0,0.0,0.0,
2016-08-06,0.0,0.0,,0.0,0.0,0.0,0.0,
2016-08-07,0.0,0.0,,0.0,0.0,0.0,0.0,
2016-08-08,0.0,0.0,,0.0,0.0,0.0,0.0,
2016-08-09,0.0,0.0,,0.0,0.0,0.0,0.0,
2016-08-10,0.0,0.0,,0.0,0.0,0.0,0.0,
2016-08-11,0.0,0.0,,0.0,0.0,0.0,0.0,
2016-08-12,0.0,0.0,,0.0,0.0,0.0,0.0,
2016-08-13,0.0,0.0,,0.0,0.0,0.0,0.0,
2016-08-14,0.0,0.0,,0.0,0.0,0.0,0.0,
2016-08-15,0.0,0.0,,0.0,0.0,0.0,0.0,
2016-08-16,0.8,0.6000000000000001,,0.6000000000000001,0.0,2.5700000000000003,2.38,
2016-08-17,0.0,0.0,,0.0,0.0,0.0,0.0,
2016-08-18,0.0,0.0,,0.0,0.0,0.0,0.0,
2016-08-19,0.0,0.0,,0.0,0.0,0.0,0.0,
2016-08-20,0.0,0.0,,0.0,0.0,0.0,0.0,
2016-08-21,0.0,0.0,,0.0,0.0,0.0,0.0,
2016-08-22,0.0,0.0,,0.0,0.0,0.0,0.0,
2016-08-23,0.0,0.0,,0.0,0.0,0.0,0.0,
2016-08-24,0.0,0.0,,0.0,0.0,0.0,0.0,
2016-08-25,0.0,0.0,,0.0,0.0,0.0,0.0,
2016-08-26,0.0,0.0,,0.0,0.0,0.0,0.0,
2016-08-27,0.0,0.0,,0.0,0.0,0.0,0.0,
2016-08-28,0.0,0.0,,0.0,0.0,0.0,0.0,
2016-08-29,0.0,0.0,,0.0,0.0,0.0,0.0,
2016-08-30,0.0,0.0,,0.0,0.0,0.0,0.0,
2016-08-31,0.0,1.8000000000000003,,0.6000000000000001,1.18,0.0,0.2,
2016-09-01,4.17,28.93,,10.43,9.43,6.95,7.859999999999999,
2016-09-02,0.0,0.0,,0.0,0.0,0.0,0.0,
2016-09-03,0.0,0.0,,0.0,0.0,0.0,0.0,
2016-09-04,0.0,0.0,,0.0,0.0,0.0,0.0,
2016-09-05,0.0,0.0,,0.0,0.0,0.0,0.0,
2016-09-06,0.0,0.0,,0.0,0.0,0.0,0.0,
2016-09-07,0.0,0.0,,0.0,0.0,0.0,0.0,
2016-09-08,0.0,0.0,,0.0,0.0,0.0,0.0,
2016-09-09,0.0,0.2,,0.0,0.0,0.0,0.0,
2016-09-10,0.0,0.0,,0.0,0.0,2.0,0.0,
2016-09-11,0.0,0.0,,0.0,0.0,2.6,0.0,
2016-09-12,0.0,0.0,,0.0,0.0,0.6000000000000001,0.0,
2016-09-13,0.0,0.0,,0.0,0.0,0.4,0.0,
2016-09-14,0.0,0.0,,0.0,0.0,0.2,0.0,
2016-09-15,0.0,0.0,,0.0,0.0,0.0,0.0,
2016-09-16,2.7800000000000002,0.0,,3.94,0.0,1.39,0.4,
2016-09-17,0.2,0.0,,0.0,0.0,0.0,0.0,
2016-09-18,0.0,0.0,,0.0,0.0,0.0,0.0,
2016-09-19,0.0,0.6000000000000001,,0.2,0.4,0.0,0.59,
2016-09-20,2.39,5.800000000000001,,5.31,0.6000000000000001,8.34,8.86,
2016-09-21,0.0,0.0,,0.0,0.0,1.0,0.0,
2016-09-22,0.0,0.0,,0.0,0.0,0.6000000000000001,0.0,
2016-09-23,0.0,0.0,,0.0,0.0,0.6000000000000001,0.0,
2016-09-24,1.58,3.6000000000000005,,2.56,0.2,1.0,4.71,
2016-09-25,3.7399999999999998,10.600000000000001,,3.14,2.95,2.6000000000000005,36.74,
2016-09-26,5.7700000000000005,8.0,,42.77,45.64,4.0,3.55,
2016-09-27,0.2,5.6000000000000005,,0.0,0.0,2.0,0.0,
2016-09-28,0.0,4.2,,0.0,0.0,1.6,0.0,
2016-09-29,0.0,3.0,,0.0,0.0,1.2000000000000002,0.0,
2016-09-30,0.0,1.2000000000000002,,0.0,0.0,1.2000000000000002,0.0,
2016-10-01,0.0,0.0,,0.6000000000000001,0.0,1.6,3.1500000000000004,
2016-10-02,0.0,0.0,,1.97,0.0,5.0,0.0,
2016-10-03,0.0,0.0,,0.2,0.0,1.6,9.049999999999999,
2016-10-04,0.0,3.4000000000000004,,24.21,21.080000000000002,14.000000000000002,13.26,
2016-10-05,0.0,4.4,,4.319999999999999,4.74,5.0,1.78,
2016-10-06,0.0,3.8000000000000003,,12.83,19.900000000000002,0.6000000000000001,0.4,
2016-10-07,0.0,3.8000000000000003,,0.0,0.0,0.2,0.0,
2016-10-08,0.0,2.4000000000000004,,0.0,0.0,0.0,0.0,
2016-10-09,0.0,2.2,,0.0,0.0,0.0,0.0,
2016-10-10,0.0,0.4,,0.0,0.0,0.0,0.0,
2016-10-11,0.0,0.0,,0.0,0.0,0.0,0.0,
2016-10-12,0.0,0.0,,0.0,0.0,0.0,0.0,
2016-10-13,0.0,0.0,,0.0,0.0,0.0,0.0,
2016-10-14,0.0,0.4,,0.2,0.0,0.0,0.0,
2016-10-15,0.0,0.6000000000000001,,0.79,0.2,0.0,0.0,
2016-10-16,,,,,,,,
2016-10-17,0.0,0.0,,0.0,0.2,0.0,0.0,
2016-10-18,0.0,0.0,,0.0,0.0,0.0,0.0,
2016-10-19,0.0,0.0,,0.0,0.0,0.0,0.0,
2016-10-20,1.6,0.0,,10.91,0.0,4.98,0.99,
2016-10-21,0.0,0.0,,0.0,0.0,2.2,39.57,
2016-10-22,0.0,0.6000000000000001,,0.0,0.0,1.4000000000000001,12.66,
2016-10-23,0.0,0.2,,0.0,0.0,1.2000000000000002,0.2,
2016-10-24,0.0,0.2,,0.0,0.0,1.2000000000000002,0.0,
2016-10-25,1.99,0.0,,0.0,0.0,1.6,0.0,
2016-10-26,0.2,0.4,,0.0,0.0,1.0,0.0,
2016-10-27,0.0,0.0,,0.0,0.0,0.8,0.0,
2016-10-28,0.0,0.0,,0.0,0.0,0.4,0.0,
2016-10-29,0.0,0.0,,0.0,0.0,0.0,0.0,0.0
2016-10-30,0.0,0.0,,0.0,0.0,0.0,0.0,0.0
2016-10-31,0.0,0.0,,0.0,0.0,0.0,0.0,0.0
2016-11-01,0.0,0.0,0.0,0.0,0.0,0.0,0.0,0.0
2016-11-02,0.0,0.0,0.0,0.0,0.0,0.0,0.0,0.0
2016-11-03,0.2,0.0,0.2,0.0,6.11,,0.2,1.39
2016-11-04,32.67,7.69,10.65,25.58,24.82,,17.73,14.77
2016-11-05,0.2,2.97,13.790000000000001,1.3900000000000001,2.0,,2.5700000000000003,3.5500000000000003
2016-11-06,0.0,0.0,0.8,0.0,0.0,,0.8,0.0
2016-11-07,3.55,0.0,4.37,41.56,1.6,,2.79,0.0
2016-11-08,12.99,10.24,1.2000000000000002,6.71,19.729999999999997,,1.8,24.72
2016-11-09,0.0,0.0,0.0,0.0,0.0,,0.0,0.0
2016-11-10,3.34,22.279999999999998,31.68,0.6000000000000001,5.71,,13.78,0.4
2016-11-11,2.18,0.39,0.0,1.19,1.18,,0.0,0.0
2016-11-12,19.200000000000003,15.92,3.95,4.16,33.19,,2.18,6.090000000000001
2016-11-13,8.16,11.700000000000001,8.17,10.73,9.370000000000001,,9.52,9.56
2016-11-14,33.910000000000004,41.980000000000004,49.63,31.35,46.5,,31.96,29.81
2016-11-15,8.27,33.5,12.05,14.2,26.85,,16.22,32.6
2016-11-16,10.02,23.43,0.2,6.49,11.82,,2.57,17.91
2016-11-17,2.36,9.06,1.18,5.92,13.31,,0.2,2.5700000000000003
2016-11-18,4.73,23.43,15.83,17.13,19.49,,13.410000000000002,17.33
2016-11-19,0.0,0.0,0.0,0.0,0.0,,0.0,0.2
2016-11-20,0.0,0.0,0.0,0.0,0.0,,0.0,0.0
2016-11-21,0.0,0.0,0.0,0.0,0.0,,0.0,0.79
2016-11-22,1.78,28.34,1.8,10.42,22.22,,16.92,1.38
2016-11-23,31.7,25.009999999999998,16.15,17.74,22.13,,15.38,15.19
2016-11-24,0.0,0.0,3.9400000000000004,0.2,0.0,,0.2,0.5900000000000001
2016-11-25,0.0,4.53,0.0,0.0,0.0,,0.0,0.0
2016-11-26,0.0,0.0,0.2,0.0,0.0,,0.4,0.0
2016-11-27,0.0,0.0,0.0,0.0,0.0,,0.0,0.0
2016-11-28,0.0,32.28,0.0,0.0,0.0,,0.0,0.0
2016-11-29,13.39,8.85,73.28,6.1,11.219999999999999,58.21,20.48,15.379999999999999
2016-11-30,8.1,20.830000000000002,13.610000000000001,6.92,9.110000000000001,12.430000000000001,15.18,9.1
2016-12-01,3.37,1.0,15.580000000000002,9.870000000000001,1.4000000000000001,18.720000000000002,14.37,2.17
2016-12-02,0.2,0.6000000000000001,0.0,0.0,0.6000000000000001,0.0,0.2,0.4
2016-12-03,0.0,0.0,0.0,0.0,0.0,0.0,0.0,0.0
2016-12-04,13.8,27.67,67.95,27.18,19.32,67.25,101.9,41.63
2016-12-05,32.71,84.48,54.46,68.07000000000001,76.01,27.54,35.22,100.5
2016-12-06,14.760000000000002,6.5,0.0,0.0,0.0,0.2,0.0,0.0
2016-12-07,6.200000000000001,0.0,0.79,0.0,0.0,0.0,0.0,0.0
2016-12-08,2.0,0.59,0.0,18.91,0.6000000000000001,1.57,0.0,0.0
2016-12-09,0.0,6.720000000000001,0.0,0.0,4.34,0.2,0.2,7.08
2016-12-10,0.2,7.29,12.41,47.08,10.82,1.3900000000000001,0.2,28.93
2016-12-11,0.0,28.060000000000002,1.1800000000000002,0.6000000000000001,17.91,0.6000000000000001,6.51,2.17
2016-12-12,0.2,14.94,0.0,2.76,0.4,0.2,0.2,26.75
2016-12-13,0.2,40.629999999999995,16.11,6.32,12.42,2.96,3.9499999999999997,26.34
2016-12-14,0.2,83.99,98.05000000000001,131.59,62.82,222.51,84.06,71.1
2016-12-15,1.8,21.28,13.05,13.64,11.06,22.07,21.060000000000002,19.740000000000002
2016-12-16,1.0,0.0,23.060000000000002,0.0,0.0,0.8,1.6,0.0
2016-12-17,0.8,0.0,2.17,0.0,0.0,0.0,0.0,0.0
2016-12-18,0.4,0.4,0.6000000000000001,0.0,0.0,0.2,0.0,0.0
2016-12-19,0.4,0.0,0.98,0.0,0.0,0.0,0.0,0.0
2016-12-20,0.2,0.0,0.2,0.0,0.0,0.0,0.0,0.0
2016-12-21,0.0,0.0,0.0,0.0,0.0,0.0,0.0,0.0
2016-12-22,0.0,0.0,0.0,0.0,0.0,3.7600000000000002,0.2,0.0
2016-12-23,0.0,0.0,0.0,0.0,0.0,0.0,0.0,0.0
2016-12-24,0.0,0.0,0.0,0.0,0.0,0.0,0.0,0.0
2016-12-25,0.0,17.86,10.43,13.77,2.77,49.22,23.950000000000003,9.84
2016-12-26,0.0,1.58,0.4,0.0,0.2,0.2,0.2,0.0
2016-12-27,0.2,10.04,20.27,15.129999999999999,13.2,0.0,0.2,36.66
2016-12-28,0.0,4.53,4.92,27.35,7.48,0.0,0.2,7.48
2016-12-29,0.0,0.0,3.3500000000000005,0.0,0.2,8.46,1.7699999999999998,0.0
2016-12-30,0.0,0.0,11.41,0.0,0.0,0.2,0.2,0.0
2016-12-31,0.0,0.0,0.0,0.0,0.0,0.0,0.0,0.0
2017-01-01,0.0,0.0,0.0,0.0,0.0,0.0,0.0,0.0
2017-01-02,0.0,9.260000000000002,0.0,0.0,0.0,0.0,0.0,0.0
2017-01-03,0.0,0.2,0.0,0.0,0.0,0.0,0.0,0.0
2017-01-04,0.0,0.0,0.0,0.0,0.0,0.2,0.0,0.0
2017-01-05,0.0,0.0,0.0,0.0,1.77,0.2,0.0,0.0
2017-01-06,0.0,4.13,0.0,4.720000000000001,4.52,0.0,0.0,0.0
2017-01-07,0.0,0.2,0.0,0.0,0.0,0.0,0.0,0.0
2017-01-08,0.0,0.0,2.55,0.0,0.0,0.0,0.0,0.0
2017-01-09,0.0,0.0,0.0,0.0,0.0,0.0,0.0,0.0
2017-01-10,0.0,0.0,0.0,0.0,12.59,2.1700000000000004,0.4,2.56
2017-01-11,0.0,0.4,0.2,2.57,1.97,0.0,0.0,9.25
2017-01-12,7.87,4.92,0.0,10.84,8.66,0.0,0.0,55.699999999999996
2017-01-13,6.88,15.160000000000002,36.07,9.040000000000001,24.22,9.84,15.549999999999999,32.65
2017-01-14,15.06,10.22,69.53,16.73,17.1,64.9,69.74,26.35
2017-01-15,8.200000000000001,25.59,34.99,43.99,38.57,17.14,20.66,22.5
2017-01-16,1.4000000000000001,19.8,6.11,0.0,9.86,0.8,1.1800000000000002,5.7299999999999995
2017-01-17,1.0,0.0,0.0,0.0,0.0,0.0,0.0,0.0
2017-01-18,2.0,0.0,0.0,0.0,0.0,0.0,0.0,0.0
2017-01-19,3.4000000000000004,0.0,0.0,0.0,0.0,0.0,0.0,0.0
2017-01-20,0.8,0.0,0.0,0.0,0.0,0.0,0.0,0.0
2017-01-21,1.0,0.0,0.0,0.0,0.0,0.0,0.0,0.0
2017-01-22,1.2000000000000002,0.0,0.0,0.0,0.0,0.0,0.0,0.0
2017-01-23,0.2,0.0,0.0,0.0,0.0,0.0,0.0,0.0
2017-01-24,4.140000000000001,0.0,1.77,3.1500000000000004,3.95,12.8,10.6,0.0
2017-01-25,0.0,0.0,0.0,0.0,0.0,0.2,0.2,0.0
2017-01-26,0.0,0.0,0.0,0.0,0.0,0.0,0.0,0.0
2017-01-27,0.0,0.0,0.0,0.0,0.0,0.0,0.2,0.0
2017-01-28,0.0,0.0,0.0,0.0,0.0,0.0,0.0,0.0
2017-01-29,0.0,0.0,0.0,0.0,0.0,0.0,0.6000000000000001,0.0
2017-01-30,0.0,0.0,0.0,0.0,0.0,0.0,13.78,0.2
2017-01-31,0.0,0.0,0.0,0.0,0.0,0.0,0.2,0.0
2017-02-01,0.0,0.0,0.0,0.0,0.0,0.0,0.0,0.0
2017-02-02,7.470000000000001,3.95,6.890000000000001,10.64,1.59,0.0,0.4,0.99
2017-02-03,5.390000000000001,14.2,11.040000000000001,14.59,11.66,9.65,7.289999999999999,33.050000000000004
2017-02-04,0.4,40.69,7.3,1.79,2.99,16.34,14.77,2.5900000000000003
2017-02-05,0.8,20.82,10.24,15.16,14.17,16.38,1.2000000000000002,23.71
2017-02-06,0.6000000000000001,25.97,37.3,30.080000000000002,57.33,15.76,29.31,51.0
2017-02-07,0.4,38.7,33.43,36.17,8.44,22.669999999999995,43.949999999999996,32.79
2017-02-08,0.6000000000000001,3.56,0.2,18.36,7.09,0.0,22.439999999999998,0.0
2017-02-09,0.2,0.0,0.0,0.0,0.0,0.0,0.2,0.2
2017-02-10,0.0,0.6000000000000001,0.0,0.0,0.0,0.2,0.0,0.0
2017-02-11,0.2,0.0,0.0,0.0,0.0,0.0,0.0,0.0
2017-02-12,0.0,0.0,0.2,0.0,0.0,0.0,0.0,0.0
2017-02-13,0.0,0.0,2.7899999999999996,1.18,1.18,0.0,0.0,0.0
2017-02-14,0.0,0.0,8.11,0.0,0.0,0.0,0.0,0.0
2017-02-15,0.0,0.0,1.7799999999999998,0.0,0.0,0.0,0.0,0.2
2017-02-16,0.0,0.0,12.86,0.0,0.0,0.0,0.0,0.0
2017-02-17,0.0,0.0,9.319999999999999,0.0,0.0,0.0,0.0,0.0
2017-02-18,0.0,0.0,1.18,0.0,0.0,0.0,0.0,0.0
2017-02-19,0.0,0.0,2.21,0.0,0.0,0.0,0.0,0.0
2017-02-20,0.0,0.0,0.6000000000000001,0.0,0.0,0.0,0.0,0.0
2017-02-21,3.3600000000000003,16.73,1.58,0.4,1.19,1.77,1.38,0.0
2017-02-22,0.0,0.0,1.61,0.0,0.0,0.0,0.0,0.0
2017-02-23,0.0,0.0,0.2,0.0,0.0,0.0,0.0,0.0
2017-02-24,0.0,0.0,0.0,0.0,0.0,0.0,0.0,0.0
2017-02-25,9.82,4.35,4.93,14.94,12.98,0.8,0.8,4.54
2017-02-26,4.38,10.44,18.92,11.42,10.07,11.42,9.86,12.6
2017-02-27,10.32,8.88,21.84,8.27,13.19,6.9,15.58,11.02
2017-02-28,0.4,10.65,0.0,5.54,2.77,0.0,0.0,0.2
2017-03-01,0.0,0.79,0.0,5.12,0.2,0.4,0.0,0.0
2017-03-02,0.0,0.2,0.0,2.9600000000000004,0.0,9.26,0.0,0.0
2017-03-03,0.0,0.0,0.0,0.0,0.0,0.0,0.0,0.0
2017-03-04,0.0,0.0,0.0,0.0,0.0,0.0,0.0,0.0
2017-03-05,0.0,0.0,0.0,0.0,0.0,0.0,0.0,0.0
2017-03-06,0.0,3.9400000000000004,0.0,0.0,0.0,0.0,0.0,0.0
2017-03-07,0.0,3.1500000000000004,0.0,0.0,0.0,0.2,0.0,0.0
2017-03-08,17.9,3.9499999999999997,0.0,16.74,43.43,36.440000000000005,22.02,9.64
2017-03-09,0.8,1.2,0.0,0.0,0.0,0.8,10.65,0.2
2017-03-10,0.0,0.0,0.0,0.0,0.0,0.0,0.0,0.0
2017-03-11,0.0,0.0,0.0,0.0,0.0,0.0,0.0,0.0
2017-03-12,0.0,0.0,0.0,0.0,0.0,0.0,0.0,0.0
2017-03-13,0.0,0.0,0.0,0.0,0.0,0.0,0.0,0.0
2017-03-14,0.0,0.0,0.0,0.0,0.0,0.0,0.0,0.0
2017-03-15,0.0,0.0,0.0,0.0,0.0,0.0,0.0,0.0
2017-03-16,,0.0,0.0,0.0,0.0,0.0,0.0,0.0
2017-03-17,,0.0,0.0,0.0,0.0,0.0,0.0,0.0
2017-03-18,,0.0,0.0,0.0,0.0,0.0,0.0,0.0
2017-03-19,,35.339999999999996,0.0,44.09,57.97,38.39,64.12,50.06
2017-03-20,0.0,0.0,0.0,0.0,0.0,2.38,4.800000000000001,0.2
2017-03-21,0.0,0.0,0.0,0.0,0.0,0.0,0.2,0.0
2017-03-22,0.0,0.0,0.0,0.0,0.0,0.0,,0.0
2017-03-23,0.0,0.0,0.0,0.0,0.0,0.0,,0.0
2017-03-24,0.0,0.0,0.0,0.0,0.0,0.0,,0.0
2017-03-25,0.0,0.0,0.0,0.0,0.0,0.0,,0.0
2017-03-26,0.0,0.0,0.0,0.0,0.0,0.0,,0.0
2017-03-27,8.48,83.53,0.0,39.25,7.47,8.26,,32.1
2017-03-28,50.93,21.08,0.0,10.08,12.05,9.66,15.200000000000001,17.15
2017-03-29,0.0,0.0,0.0,0.0,0.0,0.0,0.2,0.0
2017-03-30,0.0,0.0,0.0,0.0,0.0,0.0,0.0,0.0
2017-03-31,0.0,0.0,0.0,0.0,0.0,0.0,0.0,0.0
2017-04-01,0.0,0.0,0.0,0.0,0.0,0.0,0.0,0.0
2017-04-02,0.0,0.0,0.0,0.0,0.0,0.0,0.0,0.0
2017-04-03,0.0,0.0,0.0,0.0,0.0,0.0,0.0,0.0
2017-04-04,0.0,0.0,0.0,0.0,0.0,0.0,0.0,0.0
2017-04-05,0.0,0.0,0.0,0.0,0.0,0.0,0.0,0.0
2017-04-06,0.0,0.0,0.0,0.0,0.0,0.0,0.0,0.0
2017-04-07,0.0,11.67,0.0,28.64,25.709999999999997,0.0,0.0,0.0
2017-04-08,0.0,0.0,0.0,0.0,0.0,0.0,0.0,0.0
2017-04-09,0.0,0.0,0.0,0.0,0.0,0.0,0.2,0.0
2017-04-10,0.0,0.0,0.0,0.0,0.0,0.0,0.0,0.0
2017-04-11,0.0,0.0,0.0,0.0,0.0,0.0,0.2,0.0
2017-04-12,0.0,8.86,0.0,0.0,0.2,0.0,0.0,3.3800000000000003
2017-04-13,0.0,0.0,0.0,0.0,0.0,0.0,0.0,0.2
2017-04-14,0.0,0.0,0.0,0.0,0.0,0.5900000000000001,0.0,0.0
2017-04-15,0.0,4.5200000000000005,0.0,0.0,1.79,0.0,0.2,0.0
2017-04-16,0.0,0.0,0.0,0.0,0.0,0.0,0.0,0.0
2017-04-17,0.0,0.0,0.0,0.0,0.0,0.0,0.0,0.0
2017-04-18,0.0,0.0,0.0,0.0,0.0,0.0,0.0,0.0
2017-04-19,0.0,0.0,0.0,0.0,0.0,0.0,0.0,0.0
2017-04-20,0.0,0.0,0.0,0.0,0.0,0.0,0.0,0.0
2017-04-21,0.0,0.0,0.0,0.0,0.0,0.0,0.0,0.0
2017-04-22,2.37,0.2,0.0,0.2,0.0,0.2,2.99,0.0
2017-04-23,0.0,0.2,0.0,0.0,0.0,0.2,0.2,0.0
2017-04-24,0.0,0.0,0.0,0.0,0.0,0.0,0.0,0.0
2017-04-25,0.0,0.0,0.0,0.0,0.0,0.0,0.0,0.0
2017-04-26,0.0,0.0,0.0,0.0,0.0,0.0,0.0,0.0
2017-04-27,1.7799999999999998,13.39,0.0,17.75,6.87,5.72,3.6,11.83
2017-04-28,4.93,18.700000000000003,0.0,58.900000000000006,27.79,14.169999999999998,14.440000000000001,5.2
2017-04-29,0.2,0.0,0.0,0.4,0.4,0.4,1.2000000000000002,2.0
2017-04-30,0.0,0.0,0.0,0.0,0.0,0.0,0.0,0.0
2017-05-01,0.0,0.0,0.0,0.0,0.0,0.0,0.0,0.0
2017-05-02,0.0,0.0,0.0,0.0,0.0,0.0,0.0,0.0
2017-05-03,0.0,0.0,0.2,0.0,0.0,0.0,0.0,0.0
2017-05-04,0.0,0.0,0.0,0.0,0.0,0.0,0.0,0.0
2017-05-05,0.0,0.0,0.0,0.0,0.0,0.0,0.0,0.0
2017-05-06,0.0,0.2,0.0,1.77,0.2,1.2000000000000002,0.4,5.2
2017-05-07,0.2,0.0,0.0,0.0,0.0,0.0,0.4,4.0
2017-05-08,0.0,0.0,0.0,0.0,0.0,0.0,0.0,0.0
2017-05-09,0.0,0.0,0.0,0.0,0.0,0.0,0.0,0.0
2017-05-10,0.0,0.0,0.0,0.0,0.0,0.0,0.0,0.0
2017-05-11,0.0,0.0,0.0,0.0,0.0,0.0,0.0,0.0
2017-05-12,0.0,0.0,0.0,0.0,0.0,0.0,0.0,0.0
2017-05-13,0.0,0.0,0.0,0.0,0.0,0.0,0.0,0.0
2017-05-14,0.0,0.0,0.0,0.0,0.0,0.0,0.0,0.0
2017-05-15,0.0,0.0,0.0,0.0,0.0,0.0,0.0,0.0
2017-05-16,0.0,0.99,0.0,0.0,0.0,0.4,1.4000000000000001,0.0
2017-05-17,0.0,0.0,0.0,0.0,0.0,0.0,0.0,0.0
2017-05-18,0.0,0.0,0.0,0.0,0.0,0.0,0.0,0.0
2017-05-19,0.0,0.2,0.0,0.4,0.2,2.75,0.4,0.4
2017-05-20,13.63,14.19,0.0,14.56,13.15,14.94,17.6,14.000000000000002
2017-05-21,0.2,0.0,0.0,0.0,0.4,0.4,0.6000000000000001,2.0
2017-05-22,0.0,0.2,0.0,0.2,2.37,3.95,1.2000000000000002,0.4
2017-05-23,0.0,0.0,0.0,0.0,4.99,0.0,0.2,4.0
2017-05-24,0.0,0.0,0.0,0.0,0.0,0.0,0.2,0.0
2017-05-25,0.0,0.0,0.0,0.0,0.0,0.0,0.0,0.0
2017-05-26,0.0,0.0,0.0,0.0,0.0,0.0,0.2,0.0
2017-05-27,0.0,0.0,0.0,0.0,0.0,0.0,0.4,0.0
2017-05-28,0.0,0.0,0.0,0.0,0.0,0.0,0.0,0.0
2017-05-29,0.0,0.0,0.0,0.0,0.0,0.0,0.0,0.0
2017-05-30,0.0,0.0,0.0,0.0,0.0,0.0,0.2,0.0
2017-05-31,0.0,0.0,0.0,0.0,0.0,0.0,0.0,0.0
2017-06-01,0.0,0.0,0.0,0.0,0.0,0.0,0.0,0.0
2017-06-02,0.0,0.0,0.0,0.0,0.0,0.0,0.0,0.0
2017-06-03,0.0,0.0,0.0,0.0,0.0,0.0,0.0,0.0
2017-06-04,0.0,0.0,0.0,0.0,0.0,0.0,0.0,0.0
2017-06-05,0.0,0.0,0.0,0.0,0.0,0.0,0.2,0.0
2017-06-06,0.0,0.0,0.0,0.0,0.0,0.0,0.2,0.0
2017-06-07,0.0,0.0,0.0,0.0,0.0,0.0,0.0,0.0
2017-06-08,0.0,0.0,0.0,0.0,0.0,0.0,0.2,0.0
2017-06-09,0.0,0.0,0.0,0.0,0.0,0.0,0.0,0.0
2017-06-10,0.0,0.0,0.0,0.0,0.0,0.0,0.0,0.0
2017-06-11,0.0,0.0,0.0,0.0,0.0,0.0,0.0,0.0
2017-06-12,14.74,4.54,0.0,12.77,8.72,12.41,3.74,9.34
2017-06-13,10.76,5.119999999999999,0.0,14.38,10.0,5.930000000000001,5.12,5.0
2017-06-14,0.6000000000000001,0.2,0.0,0.2,0.0,0.9900000000000001,0.8,3.8000000000000003
2017-06-15,0.2,0.0,0.0,0.0,0.0,0.0,0.2,0.2
2017-06-16,0.0,0.0,0.0,0.0,0.0,0.0,0.0,0.0
2017-06-17,0.0,0.0,0.0,0.0,0.0,0.0,0.0,0.0
2017-06-18,0.0,0.0,0.0,0.0,0.0,0.0,0.2,0.0
2017-06-19,0.0,0.0,0.0,0.0,0.0,0.0,0.0,0.0
2017-06-20,0.0,0.0,0.0,0.0,0.0,0.0,0.0,0.0
2017-06-21,0.0,0.0,0.0,0.0,0.0,0.0,0.0,0.0
2017-06-22,0.0,0.0,0.0,0.0,0.0,0.0,0.0,0.0
2017-06-23,0.0,0.0,0.0,0.0,0.0,0.0,0.0,0.0
2017-06-24,0.0,0.0,0.0,0.0,0.0,0.0,0.0,0.0
2017-06-25,0.0,0.0,0.0,0.0,0.0,0.0,0.0,0.0
2017-06-26,0.0,0.0,0.0,0.0,0.0,0.0,0.0,0.0
2017-06-27,0.0,0.0,0.0,0.0,0.0,0.0,0.0,0.0
2017-06-28,0.0,0.0,0.0,0.0,0.0,0.0,0.0,0.0
2017-06-29,0.0,0.0,0.0,0.0,0.0,0.0,0.0,0.0
2017-06-30,0.0,0.0,0.0,0.0,0.0,0.0,0.0,0.0
2017-07-01,0.0,0.0,0.0,0.0,0.0,0.0,0.0,0.0
2017-07-02,0.0,0.0,0.0,0.0,0.0,0.0,0.0,0.0
2017-07-03,0.0,0.0,0.0,0.0,0.0,0.0,0.0,0.0
2017-07-04,0.0,0.0,0.0,0.0,0.0,0.0,0.0,0.0
2017-07-05,0.0,0.0,0.0,0.0,0.0,0.0,0.0,0.0
2017-07-06,0.0,0.0,0.0,0.0,0.0,0.0,0.0,0.0
2017-07-07,0.0,0.0,0.0,0.0,0.0,0.0,0.0,0.0
2017-07-08,0.0,0.0,0.0,0.0,0.0,0.0,0.0,0.0
2017-07-09,0.0,0.0,0.0,0.0,0.0,0.0,0.0,0.0
2017-07-10,0.0,0.0,0.0,0.0,0.0,0.0,0.0,0.0
2017-07-11,0.0,0.0,0.0,0.0,0.0,0.0,0.0,0.0
2017-07-12,0.0,0.0,0.0,0.0,0.0,0.0,0.0,0.0
2017-07-13,0.0,0.0,0.0,0.0,0.0,0.0,0.0,0.0
2017-07-14,0.0,0.0,0.0,0.0,0.0,0.0,0.2,0.0
2017-07-15,0.0,0.0,0.0,0.0,0.0,0.0,0.0,0.0
2017-07-16,0.0,0.0,0.0,0.0,0.0,0.0,0.0,0.0
2017-07-17,0.0,0.0,0.0,0.0,0.0,0.0,0.0,0.0
2017-07-18,0.0,0.0,0.0,0.0,0.0,0.0,0.0,0.0
2017-07-19,0.0,0.0,0.0,0.0,0.0,0.0,0.0,0.0
2017-07-20,0.0,0.0,0.0,0.0,0.0,0.0,0.0,0.0
2017-07-21,0.0,0.0,0.0,0.0,0.0,0.0,0.0,0.0
2017-07-22,0.0,0.0,0.0,0.0,0.0,0.0,0.0,0.0
2017-07-23,0.0,0.0,0.0,0.0,0.0,0.0,0.0,0.0
2017-07-24,0.0,0.0,0.0,0.0,0.0,0.0,0.0,0.0
2017-07-25,0.0,0.0,0.0,0.0,0.0,0.0,0.0,0.0
2017-07-26,0.0,0.0,0.0,0.0,0.0,0.0,0.0,0.0
2017-07-27,0.0,0.0,0.0,0.0,0.0,0.0,0.0,0.0
2017-07-28,0.0,0.0,0.0,0.0,0.0,0.0,0.0,0.0
2017-07-29,0.0,0.0,0.0,0.0,0.0,0.0,0.0,0.0
2017-07-30,0.0,0.0,0.0,0.0,0.2,0.0,0.0,0.0
2017-07-31,0.0,0.0,0.0,0.0,0.0,0.0,0.0,0.0
2017-08-01,0.0,0.0,0.0,0.0,0.0,0.0,0.0,0.0
2017-08-02,0.0,0.0,0.0,0.0,0.0,0.0,0.0,0.0
2017-08-03,0.0,0.0,0.0,0.0,0.0,0.0,0.0,0.0
2017-08-04,0.0,0.0,0.0,0.0,0.0,0.0,0.0,0.0
2017-08-05,0.0,0.0,0.0,0.0,0.0,0.0,0.0,0.0
2017-08-06,0.0,0.0,0.0,0.0,0.0,0.0,0.0,0.0
2017-08-07,0.0,0.0,0.0,0.0,0.0,0.0,0.0,0.0
2017-08-08,0.0,0.0,0.0,0.0,0.0,0.0,0.0,0.0
2017-08-09,0.0,0.0,0.0,0.0,0.0,0.0,0.0,0.0
2017-08-10,0.0,0.0,0.0,0.0,0.0,0.0,0.0,0.0
2017-08-11,0.0,0.0,0.0,0.0,0.0,0.0,0.0,0.0
2017-08-12,0.0,0.0,0.0,0.0,0.0,0.0,0.0,0.0
2017-08-13,0.0,0.0,0.0,0.0,0.0,0.0,0.0,0.0
2017-08-14,0.0,0.0,0.0,0.0,0.0,0.0,0.0,0.0
2017-08-15,0.0,0.0,0.0,0.0,0.0,0.0,0.0,0.0
2017-08-16,0.0,0.0,0.0,0.0,0.0,0.0,0.0,0.0
2017-08-17,0.0,0.0,0.0,0.0,0.0,0.0,0.0,0.0
2017-08-18,0.0,0.0,0.0,0.0,0.0,0.0,0.0,0.0
2017-08-19,0.0,0.0,0.0,0.0,0.0,0.0,0.0,0.0
2017-08-20,0.0,0.0,0.0,0.0,0.0,0.0,0.0,0.0
2017-08-21,0.0,0.0,0.0,0.0,0.0,0.0,0.0,0.0
2017-08-22,0.0,0.0,0.0,0.0,0.0,0.0,0.0,0.0
2017-08-23,0.0,0.0,,0.0,0.0,0.0,0.0,0.0
2017-08-24,0.0,0.0,0.0,0.0,0.0,0.0,0.0,0.0
2017-08-25,0.0,0.0,0.0,0.0,0.0,0.0,0.0,0.0
2017-08-26,0.0,0.0,0.0,0.0,0.0,0.0,0.0,0.0
2017-08-27,0.0,0.0,0.0,0.0,0.0,0.0,0.0,0.0
2017-08-28,0.0,0.0,0.0,0.0,0.0,0.0,0.0,0.0
2017-08-29,0.0,0.0,0.0,0.0,0.0,0.0,0.0,0.0
2017-08-30,0.0,0.0,0.0,0.0,0.0,0.0,0.0,0.0
2017-08-31,0.0,0.0,0.0,0.0,0.0,0.0,0.0,0.0
2017-09-01,0.0,0.0,0.0,0.0,0.0,0.0,0.0,0.0
2017-09-02,0.0,0.0,0.0,0.0,0.0,0.0,0.0,0.0
2017-09-03,0.0,0.0,0.0,0.0,0.0,0.0,0.0,0.0
2017-09-04,0.0,0.0,0.0,0.0,0.0,0.0,0.0,0.0
2017-09-05,0.0,0.0,0.0,0.0,0.0,0.0,0.0,0.0
2017-09-06,0.0,0.0,0.0,0.0,0.0,0.0,0.0,0.0
2017-09-07,0.0,0.0,0.0,0.0,0.0,0.0,0.0,0.0
2017-09-08,0.0,0.0,0.0,0.0,0.0,0.0,0.0,0.0
2017-09-09,0.0,0.0,0.0,0.0,0.0,0.0,0.0,0.0
2017-09-10,0.0,0.0,0.0,0.0,0.0,0.0,0.0,0.0
2017-09-11,0.0,0.0,0.0,0.0,0.0,0.0,0.0,0.0
2017-09-12,0.0,0.0,0.0,0.0,0.0,0.0,0.0,0.0
2017-09-13,0.0,0.0,0.0,0.0,0.0,0.0,0.0,0.0
2017-09-14,0.0,0.0,0.0,0.0,0.0,0.0,0.0,0.0
2017-09-15,0.0,0.0,0.0,0.0,0.0,0.0,0.0,0.0
2017-09-16,0.0,0.0,0.0,0.0,0.0,0.0,0.0,0.0
2017-09-17,0.0,0.0,0.0,0.0,0.0,0.0,0.0,0.0
2017-09-18,,,,,,,,
2017-09-19,,,,,,,,
2017-09-20,0.0,0.0,0.0,0.0,0.0,0.0,0.0,0.0
2017-09-21,0.0,0.0,0.0,0.0,0.0,0.0,0.0,0.0
2017-09-22,0.0,0.0,0.0,0.0,0.0,0.0,0.0,0.0
2017-09-23,0.0,0.0,0.0,0.0,0.0,0.0,0.0,0.0
2017-09-24,0.0,0.0,0.0,0.0,0.0,0.0,0.0,0.0
2017-09-25,0.0,0.0,0.0,0.0,0.0,0.0,0.0,0.0
2017-09-26,0.0,0.0,0.0,0.0,0.0,0.0,,0.0
2017-09-27,0.0,0.0,0.0,0.0,0.0,0.0,0.0,0.0
2017-09-28,1.77,0.0,0.0,0.0,0.0,0.0,0.5900000000000001,0.0
2017-09-29,7.200000000000001,20.67,0.0,4.53,21.73,0.0,0.0,14.950000000000001
2017-09-30,19.11,15.36,0.0,30.77,7.200000000000001,11.06,12.840000000000002,
2017-10-01,3.3800000000000003,8.51,0.0,6.5,7.6000000000000005,0.8,0.9900000000000001,16.92
2017-10-02,0.4,,0.0,0.4,8.200000000000001,,3.54,1.99
2017-10-03,12.08,9.52,0.0,37.34,13.67,,44.36,26.32
2017-10-04,0.6000000000000001,0.0,0.0,0.0,16.29,0.0,0.0,0.0
2017-10-05,0.2,0.0,0.0,0.0,0.0,0.0,0.0,0.0
2017-10-06,0.2,0.0,0.2,0.0,0.0,0.0,0.0,0.0
2017-10-07,,0.0,0.0,0.0,0.0,0.0,0.0,0.0
2017-10-08,0.0,0.0,0.0,0.0,0.0,0.0,0.0,0.0
2017-10-09,0.0,0.0,,0.0,0.0,0.0,0.0,0.0
2017-10-10,0.0,0.0,0.0,0.0,0.0,0.0,0.0,0.0
2017-10-11,0.0,0.0,0.0,0.0,0.0,0.0,0.0,0.0
2017-10-12,0.0,0.0,0.0,0.0,0.0,0.0,0.0,0.0
2017-10-13,0.0,0.0,0.0,0.0,0.0,0.0,0.0,0.0
2017-10-14,0.0,0.0,0.0,0.0,0.0,0.0,0.0,0.0
2017-10-15,,,,,,,,
2017-10-16,0.0,0.0,0.4,0.0,0.4,0.0,0.0,0.0
2017-10-17,0.0,0.0,0.0,0.0,0.2,,0.0,0.0
2017-10-18,0.0,0.0,,0.0,0.0,0.0,0.0,0.0
2017-10-19,0.0,0.0,,0.0,0.0,0.0,0.0,0.0
2017-10-20,0.0,0.0,0.0,0.0,0.0,0.0,0.0,0.0
2017-10-21,0.0,0.0,0.0,0.0,0.2,0.0,0.0,0.0
2017-10-22,0.0,4.4,0.0,1.5799999999999998,0.4,0.0,0.0,1.0
2017-10-23,0.0,2.8000000000000003,0.0,9.07,0.6000000000000001,11.620000000000001,4.53,2.8000000000000003
2017-10-24,0.0,3.6,0.2,0.0,0.4,,0.0,26.8
2017-10-25,0.0,1.8,0.0,0.0,0.4,0.0,0.0,2.6
2017-10-26,0.0,,0.0,0.0,0.2,0.2,9.84,0.0
2017-10-27,0.0,0.0,0.0,0.0,0.4,0.0,0.0,0.0
2017-10-28,19.41,1.8,0.0,34.82,0.4,38.76,41.5,21.38
2017-10-29,0.4,2.4000000000000004,0.0,0.0,0.8,0.0,0.0,0.2
2017-10-30,0.2,1.4000000000000001,0.0,0.0,5.2,0.79,0.99,0.0
2017-10-31,0.2,1.6,0.0,7.67,9.600000000000001,11.77,20.869999999999997,6.800000000000001
2017-11-01,0.0,6.6000000000000005,0.0,0.8,4.2,0.0,0.0,1.0
2017-11-02,0.2,9.8,0.0,0.0,1.0,0.0,0.0,0.2
2017-11-03,0.0,3.2,0.0,0.0,0.6000000000000001,0.0,0.0,0.0
2017-11-04,0.0,0.0,0.0,0.0,,0.0,0.0,0.0
2017-11-05,0.0,0.8,0.0,0.0,0.6000000000000001,0.0,0.0,0.0
2017-11-06,0.0,1.6,0.2,1.38,0.2,19.15,1.38,10.28
2017-11-07,0.0,4.2,0.0,0.0,0.2,0.0,0.0,0.0
2017-11-08,0.0,0.0,0.42,0.0,0.2,0.0,0.0,0.0
2017-11-09,0.6000000000000001,3.2,0.0,0.6000000000000001,0.2,1.6,3.3600000000000003,1.4000000000000001
2017-11-10,0.0,0.8,0.0,0.0,1.2000000000000002,0.0,0.0,0.2
2017-11-11,7.29,26.55,0.0,18.12,7.000000000000001,13.690000000000001,6.31,24.45
2017-11-12,4.0,21.46,0.0,43.519999999999996,20.400000000000002,9.48,10.65,39.0
2017-11-13,0.0,0.0,0.0,0.0,13.200000000000001,0.0,0.0,
2017-11-14,0.0,0.0,0.0,0.0,7.0,,0.0,0.0
2017-11-15,0.0,0.0,0.0,0.0,3.37,0.0,0.0,0.0
2017-11-16,0.0,0.8,0.0,0.0,0.0,0.0,0.0,0.0
2017-11-17,0.0,0.0,0.0,0.0,0.0,0.0,0.0,0.0
2017-11-18,0.0,3.1900000000000004,0.0,0.0,1.0,0.0,0.0,2.9800000000000004
2017-11-19,9.47,60.66,0.0,40.849999999999994,14.190000000000001,22.130000000000003,42.910000000000004,33.17
2017-11-20,0.0,27.82,0.0,9.26,7.4,11.450000000000001,13.02,15.48
2017-11-21,0.0,36.4,0.2,11.84,1.8,2.5700000000000003,4.14,12.57
2017-11-22,1.0,8.4,0.0,8.3,0.8,,7.51,29.17
2017-11-23,0.2,11.4,0.0,10.43,4.2,,10.040000000000001,14.34
2017-11-24,0.0,2.2,0.0,1.58,1.0,,0.0,2.6
2017-11-25,0.2,7.9,0.0,0.0,10.600000000000001,,0.0,0.0
2017-11-26,0.0,0.6000000000000001,0.0,1.7699999999999998,23.81,,1.77,0.2
2017-11-27,0.0,0.0,0.0,0.0,0.0,,0.6000000000000001,0.2
2017-11-28,0.2,1.78,0.0,5.12,6.6899999999999995,,13.83,3.0
2017-11-29,0.2,7.87,0.0,3.35,0.2,,0.2,0.6000000000000001
2017-11-30,0.0,6.130000000000001,0.2,1.7699999999999998,0.2,,2.3600000000000003,3.6000000000000005
2017-12-01,0.0,27.47,,28.65,32.89,,94.84,20.759999999999998
2017-12-02,0.2,26.759999999999998,0.0,54.64,16.87,,24.77,23.82
2017-12-03,0.0,42.7,0.0,88.58,63.54,,14.97,47.81
2017-12-04,0.2,57.96,0.0,43.89,64.8,,40.79,57.09
2017-12-05,0.0,0.0,0.0,0.0,25.35,,0.2,0.0
2017-12-06,0.2,3.14,0.0,6.31,0.0,,0.4,0.0
2017-12-07,0.0,0.4,0.0,1.5799999999999998,0.79,,2.95,1.0
2017-12-08,0.2,23.16,0.0,28.79,9.74,,10.64,49.5
2017-12-09,0.0,20.240000000000002,0.0,54.980000000000004,6.800000000000001,,14.47,19.669999999999998
2017-12-10,0.0,0.0,0.0,5.31,2.4000000000000004,,0.4,3.9300000000000006
2017-12-11,0.0,39.370000000000005,0.0,0.2,2.6,,21.130000000000003,3.2
2017-12-12,0.2,0.2,0.42,0.0,26.18,,4.76,0.0
2017-12-13,0.0,0.0,0.79,0.0,0.0,,0.0,0.0
2017-12-14,0.0,0.2,0.2,0.4,0.4,,0.0,0.4
2017-12-15,0.0,0.0,0.0,0.0,0.0,,0.0,0.0
2017-12-16,0.2,11.790000000000001,0.0,30.42,,,11.81,12.19
2017-12-17,0.0,0.2,0.0,0.0,,,0.2,0.0
2017-12-18,0.0,0.0,0.0,0.0,,,4.5600000000000005,0.0
2017-12-19,0.0,0.0,,0.0,,,2.4000000000000004,0.0
2017-12-20,0.0,0.0,0.0,0.0,,,0.0,0.0
2017-12-21,0.0,0.0,0.0,0.0,,,0.0,0.0
2017-12-22,0.0,0.0,0.0,0.0,,,0.2,0.0
2017-12-23,0.0,0.0,0.0,0.0,,,0.2,0.0
2017-12-24,0.0,0.0,0.0,0.0,,,0.0,0.0
2017-12-25,0.0,0.0,0.0,0.0,,,0.0,0.0
2017-12-26,0.0,0.0,0.0,0.0,,,0.0,0.0
2017-12-27,0.0,0.0,0.0,0.0,,,0.4,0.0
2017-12-28,,,,,,,,
2017-12-29,,,,,,,,
2017-12-30,6.33,13.34,0.0,27.93,,,9.73,26.72
2017-12-31,1.4000000000000001,8.03,0.0,3.16,,,2.8000000000000003,1.3900000000000001
2018-01-01,0.0,0.0,0.0,0.9900000000000001,,,1.8,0.0
2018-01-02,0.0,2.7800000000000002,0.0,0.0,,,1.6,2.37
2018-01-03,3.17,17.39,0.0,6.130000000000001,,,1.4000000000000001,33.62
2018-01-04,5.79,16.14,0.0,28.439999999999998,,,1.2000000000000002,
2018-01-05,0.6000000000000001,24.43,0.0,35.56,,,2.2,14.88
2018-01-06,0.0,3.2,0.0,0.0,,,3.8000000000000003,2.98
2018-01-07,0.2,3.6,0.0,6.3100000000000005,,,7.2,2.95
2018-01-08,0.2,0.0,0.0,0.0,,,19.37,0.0
2018-01-09,0.0,0.0,0.0,0.0,,,15.600000000000001,0.0
2018-01-10,0.0,0.0,0.2,0.0,,,0.0,0.0
2018-01-11,0.0,0.0,0.0,0.0,,,0.0,0.0
2018-01-12,0.0,0.0,0.0,0.0,,,0.0,0.0
2018-01-13,0.0,0.0,0.99,0.0,,,0.0,0.0
2018-01-14,0.0,0.99,0.2,0.4,,,4.34,1.7800000000000002
2018-01-15,0.0,8.49,0.0,1.78,,,37.99,0.0
2018-01-16,0.0,0.8,0.0,0.4,,,4.34,0.0
2018-01-17,0.0,0.2,0.0,0.0,,,0.4,0.0
2018-01-18,0.0,0.0,0.0,0.0,,,0.0,0.0
2018-01-19,0.0,0.0,0.0,0.0,,,0.0,0.0
2018-01-20,0.0,0.0,0.0,0.0,,,0.0,0.0
2018-01-21,0.0,0.0,0.0,0.0,,,0.0,0.0
2018-01-22,0.2,0.4,0.0,0.4,,,0.0,0.0
2018-01-23,0.0,0.4,0.0,0.0,,,0.4,0.2
2018-01-24,0.0,0.0,0.0,0.0,,,4.14,1.78
2018-01-25,0.0,0.0,0.0,,,,0.0,0.0
2018-01-26,0.0,0.0,0.0,0.0,,,1.3800000000000001,0.0
2018-01-27,0.0,1.19,0.0,0.0,,,0.0,0.0
2018-01-28,0.0,0.0,0.0,0.0,,,0.59,0.0
2018-01-29,0.2,3.58,0.0,2.16,,,11.02,7.12
2018-01-30,7.15,18.15,0.0,21.67,,,36.63,14.19
2018-01-31,3.2,54.63,0.0,31.16,,,71.11,23.14
2018-02-01,0.2,15.13,0.0,16.96,,,8.67,14.790000000000001
2018-02-02,0.2,37.01,0.0,47.23,,,19.279999999999998,20.470000000000002
2018-02-03,0.2,2.9800000000000004,0.0,4.94,,,,42.11
2018-02-04,0.4,12.03,,4.16,,,2.5700000000000003,19.290000000000003
2018-02-05,0.8,72.84,0.0,70.89,,,50.75,52.16
2018-02-06,0.8,34.05,0.0,25.43,,,27.560000000000002,49.6
2018-02-07,1.2000000000000002,3.54,0.0,7.88,,,14.9,7.000000000000001
2018-02-08,1.8,0.0,0.0,0.0,,,0.39,0.0
2018-02-09,1.0,0.98,0.0,11.85,,,0.0,0.0
2018-02-10,0.8,5.51,0.0,1.78,,,14.040000000000001,11.120000000000001
2018-02-11,0.2,0.0,0.0,0.0,,,0.2,0.0
2018-02-12,0.0,0.0,0.0,0.0,,,0.0,0.0
2018-02-13,16.57,0.0,0.0,0.0,,,0.0,0.0
2018-02-14,0.6000000000000001,0.0,0.0,0.0,,,0.0,0.0
2018-02-15,0.0,0.0,0.0,0.0,,,0.0,0.0
2018-02-16,0.0,11.84,0.0,0.6000000000000001,,,6.5,0.6000000000000001
2018-02-17,0.0,1.2000000000000002,0.0,0.0,,,0.0,0.0
2018-02-18,,0.0,0.0,0.0,,,0.0,0.0
2018-02-19,0.0,,0.0,3.55,,,4.13,6.16
2018-02-20,0.0,17.59,0.0,2.1900000000000004,,,37.44,5.98
2018-02-21,0.0,21.96,0.0,6.35,,,2.57,3.8000000000000003
2018-02-22,0.0,43.43,0.0,23.28,,,18.709999999999997,
2018-02-23,0.0,5.17,0.0,0.99,,,0.0,4.38
2018-02-24,0.0,16.12,0.0,18.9,,,24.61,12.39
2018-02-25,0.0,1.19,0.0,0.0,,,0.6000000000000001,16.25
2018-02-26,0.0,0.0,0.0,13.34,,,5.52,3.38
2018-02-27,0.0,0.4,0.0,0.0,,,0.4,0.0
2018-02-28,0.0,0.99,0.0,5.51,,,8.48,0.0
2018-03-01,0.0,10.23,0.0,1.99,,,5.92,0.0
2018-03-02,0.0,4.33,0.0,3.75,,,2.96,6.7700000000000005
2018-03-03,0.0,1.7800000000000002,0.0,0.0,,,24.830000000000002,0.8
2018-03-04,0.6000000000000001,0.2,0.0,4.53,,,16.21,0.4
2018-03-05,0.0,8.04,0.0,,,,29.38,32.11
2018-03-06,0.0,0.0,0.0,0.0,,,0.0,30.330000000000002
2018-03-07,0.0,35.37,0.0,1.19,,,1.0,3.0
2018-03-08,0.0,31.98,0.0,28.39,,,46.73,
2018-03-09,0.0,40.26,0.0,46.45,,,16.93,
2018-03-10,0.0,14.22,0.0,7.29,,,11.22,
2018-03-11,0.0,12.04,0.0,11.82,,,29.29,
2018-03-12,0.0,5.71,0.0,4.32,,,7.299999999999999,
2018-03-13,0.0,6.87,0.0,0.0,,,0.0,
2018-03-14,0.0,,0.0,1.38,,,18.3,
2018-03-15,0.0,,0.0,0.0,,,0.0,
2018-03-16,0.0,,0.0,18.88,,,0.9900000000000001,
2018-03-17,0.0,,0.0,0.4,,,5.91,
2018-03-18,0.0,,0.0,37.449999999999996,,,7.29,
2018-03-19,0.0,,0.0,0.2,,,0.0,
2018-03-20,0.0,,0.0,8.08,,,0.0,
2018-03-21,0.0,,0.0,3.56,,,14.76,
2018-03-22,0.0,,0.0,2.3800000000000003,,,0.0,
2018-03-23,1.7800000000000002,,0.0,0.2,,,3.93,
2018-03-24,1.0,,0.0,0.0,,,0.0,
2018-03-25,0.4,,4.13,0.0,,,0.0,
2018-03-26,0.2,,0.0,0.0,,,0.0,
2018-03-27,0.2,,0.0,0.0,,,0.0,
2018-03-28,0.0,,0.0,0.0,,,0.0,
2018-03-29,0.0,,0.0,0.0,,,0.2,
2018-03-30,0.0,,0.0,0.0,,,0.0,
2018-03-31,0.0,,0.0,0.0,,,0.0,
2018-04-01,0.0,,0.0,0.0,,,0.2,
2018-04-02,0.0,,0.0,0.0,,,0.0,
2018-04-03,0.0,,0.4,2.37,,,0.4,
2018-04-04,0.0,,21.85,2.17,,,1.1900000000000002,
2018-04-05,0.0,,1.7699999999999998,40.9,,,11.6,
2018-04-06,0.0,,2.18,0.6000000000000001,,,1.1900000000000002,
2018-04-07,0.0,,0.2,0.0,,,0.0,
2018-04-08,0.0,,0.0,0.79,,,0.0,
2018-04-09,0.0,,0.0,0.0,,,0.0,
2018-04-10,0.0,,0.79,0.0,,,0.4,
2018-04-11,0.0,,0.0,0.0,,,0.2,
2018-04-12,0.0,,0.0,0.0,,,2.76,
2018-04-13,0.0,,0.0,0.0,,,0.2,
2018-04-14,0.0,,0.0,0.0,,,0.0,
2018-04-15,0.0,,0.0,6.11,,,0.0,
2018-04-16,0.0,,0.0,0.0,,,0.0,
2018-04-17,0.0,,0.0,0.0,,,0.0,
2018-04-18,0.2,,0.0,0.0,,,0.0,
2018-04-19,0.0,,0.0,0.0,,,0.0,
2018-04-20,0.0,,0.0,0.0,,,0.0,
2018-04-21,0.0,,0.0,0.0,,,0.0,
2018-04-22,0.0,,0.0,0.0,,,0.2,
2018-04-23,0.0,,0.0,0.0,,,0.0,
2018-04-24,0.0,,0.0,0.0,,,0.0,
2018-04-25,0.0,,0.0,0.0,,,0.2,
2018-04-26,0.0,,0.0,0.0,,,0.0,
2018-04-27,0.0,,0.0,0.0,,,0.6000000000000001,
2018-04-28,0.0,,0.0,0.0,,,0.0,
2018-04-29,0.0,,0.0,0.0,,,0.2,
2018-04-30,0.0,,0.0,0.0,,,0.0,
2018-05-01,0.0,,0.0,0.0,,,0.0,
2018-05-02,0.0,,0.0,0.0,,,0.0,
2018-05-03,0.0,,0.0,0.0,,,0.0,
2018-05-04,0.0,,0.0,0.0,,,0.0,
2018-05-05,0.0,,0.0,0.0,,,0.0,
2018-05-06,0.0,,0.0,0.0,,,0.0,
2018-05-07,0.0,,0.0,0.0,,,0.0,
2018-05-08,0.0,,0.0,0.0,,,0.0,
2018-05-09,0.0,,0.0,0.0,,,0.0,
2018-05-10,0.0,,0.0,0.0,,,0.0,
2018-05-11,0.0,,0.0,0.0,,,0.0,
2018-05-12,0.0,,0.0,0.0,,,0.0,
2018-05-13,0.0,,0.0,0.0,,,0.0,
2018-05-14,0.0,,0.0,0.0,,,0.6000000000000001,
2018-05-15,0.0,,0.0,0.0,,,0.0,
2018-05-16,0.0,,0.0,0.0,,,0.0,
2018-05-17,0.0,,11.4,0.4,,,0.2,
2018-05-18,0.0,,0.0,0.2,,,0.0,
2018-05-19,0.0,,2.0,10.44,,,5.13,
2018-05-20,0.0,,5.000000000000001,0.99,,,0.2,
2018-05-21,0.0,,0.0,0.0,,,0.0,
2018-05-22,0.0,,0.0,0.0,,,0.0,
2018-05-23,0.0,,0.0,0.0,,,0.0,
2018-05-24,0.0,,0.0,0.0,,,0.0,
2018-05-25,0.0,,0.0,0.0,,,0.0,
2018-05-26,0.0,,0.8,0.0,,,0.0,
2018-05-27,0.0,,0.2,0.0,,,0.0,
2018-05-28,0.0,,0.0,0.0,,,0.0,
2018-05-29,0.0,,0.0,0.0,,,0.0,
2018-05-30,0.0,,0.0,0.0,,,0.0,
2018-05-31,,,,,,,,
2018-06-01,0.0,,0.0,0.0,,,0.0,
2018-06-02,0.0,,0.0,0.0,,,0.0,
2018-06-03,0.0,,0.0,0.0,,,0.0,
2018-06-04,,,0.0,0.0,,,0.0,
2018-06-05,0.0,,0.0,0.0,,,0.0,
2018-06-06,0.0,,0.0,0.0,,,0.0,
2018-06-07,0.0,,0.0,0.0,,,0.2,
2018-06-08,0.0,,2.8000000000000003,0.0,,,3.9400000000000004,
2018-06-09,0.0,,0.0,0.0,,,0.0,
2018-06-10,0.0,,0.0,0.0,,,0.2,
2018-06-11,0.0,,0.0,0.0,,,0.0,
2018-06-12,0.0,,0.0,0.0,,,0.0,
2018-06-13,0.0,,0.0,0.0,,,0.0,
2018-06-14,0.0,,0.0,0.0,,,0.0,
2018-06-15,0.0,,0.0,0.0,,,0.0,
2018-06-16,0.0,,0.0,0.0,,,0.0,
2018-06-17,0.0,,0.0,0.0,,,0.0,
2018-06-18,0.0,,0.0,0.0,,,0.0,
2018-06-19,0.0,,0.0,0.0,,,0.0,
2018-06-20,0.0,,0.0,0.0,,,,
2018-06-21,0.0,,,0.0,,,0.0,
2018-06-22,0.0,,0.0,0.0,,,0.0,
2018-06-23,0.0,,0.0,0.0,,,0.0,
2018-06-24,0.0,,0.0,0.0,,,0.0,
2018-06-25,0.0,,0.0,0.0,,,,
2018-06-26,0.0,,0.0,,,,0.0,
2018-06-27,0.0,,0.0,0.0,,,0.0,
2018-06-28,,,0.0,0.0,,,0.0,
2018-06-29,0.0,,0.0,0.0,,,0.0,
2018-06-30,0.0,,0.0,0.0,,,0.0,
2018-07-01,0.0,,0.0,0.0,,,0.0,
2018-07-02,0.0,,0.0,0.0,,,0.0,
2018-07-03,0.0,,0.0,0.0,,,,
2018-07-04,0.0,0.0,0.0,0.0,0.0,,0.0,
2018-07-05,0.0,0.0,0.0,0.0,0.0,,0.0,
2018-07-06,0.0,0.0,0.0,0.0,0.0,,0.0,
2018-07-07,0.0,0.0,0.0,0.0,0.0,,0.0,
2018-07-08,0.0,0.0,0.0,0.0,0.0,,0.0,
2018-07-09,,0.0,0.0,0.0,0.0,,0.0,
2018-07-10,0.0,0.0,0.0,0.0,0.0,,0.0,
2018-07-11,0.2,6.1000000000000005,,3.1500000000000004,1.78,,0.0,
2018-07-12,0.0,0.0,0.0,0.0,0.0,,,
2018-07-13,,,,,,,,
2018-07-14,0.0,0.0,0.0,0.0,0.0,0.0,0.0,0.0
2018-07-15,0.0,0.0,0.0,0.0,0.0,0.0,0.0,0.0
2018-07-16,0.0,0.0,0.0,0.0,0.0,0.0,0.0,0.0
2018-07-17,0.0,0.0,0.0,0.0,0.0,0.0,0.0,0.0
2018-07-18,0.0,0.0,0.0,0.0,0.0,0.0,0.0,0.0
2018-07-19,0.0,0.0,0.0,0.0,0.0,0.0,0.0,0.0
2018-07-20,0.0,0.0,0.0,0.0,0.0,0.0,0.0,0.0
2018-07-21,0.0,0.0,0.0,0.0,0.0,0.0,0.0,0.0
2018-07-22,0.0,0.0,0.0,0.0,0.0,0.0,0.0,0.0
2018-07-23,0.0,0.0,0.0,0.0,0.0,0.0,0.0,
2018-07-24,0.0,0.0,0.0,0.0,0.0,0.0,0.0,0.0
2018-07-25,0.0,0.0,0.0,0.0,0.0,0.0,0.0,0.0
2018-07-26,0.0,0.0,0.0,0.0,0.0,0.0,0.0,0.0
2018-07-27,0.0,0.0,0.0,0.0,0.0,0.0,0.0,0.0
2018-07-28,0.0,0.0,0.0,0.0,0.0,0.0,,0.0
2018-07-29,0.0,0.0,0.0,0.0,0.0,0.0,0.0,0.0
2018-07-30,0.0,0.0,,0.0,0.0,0.0,0.0,0.0
2018-07-31,0.0,0.0,0.0,0.0,0.0,0.2,0.0,0.0
2018-08-01,0.0,0.5900000000000001,7.79,0.0,0.0,0.0,2.17,0.2
2018-08-02,1.98,0.4,8.46,1.97,11.229999999999999,1.4000000000000001,2.9699999999999998,1.58
2018-08-03,,22.17,8.979999999999999,2.16,0.4,0.8,4.93,0.98
2018-08-04,22.44,18.919999999999998,17.94,19.5,15.969999999999999,10.43,14.190000000000001,
2018-08-05,0.0,0.0,0.0,0.0,0.0,0.0,0.0,0.0
2018-08-06,4.53,0.0,1.57,0.79,0.0,0.4,0.79,0.0
2018-08-07,4.53,6.489999999999999,1.19,12.29,5.510000000000001,0.0,0.2,11.17
2018-08-08,0.0,0.0,0.0,0.0,0.0,0.0,0.0,0.0
2018-08-09,0.0,0.0,0.0,0.0,0.0,0.2,0.2,0.0
2018-08-10,0.0,0.0,0.0,0.0,0.0,0.0,0.0,0.0
2018-08-11,0.0,0.0,0.0,0.0,0.0,0.0,0.2,0.0
2018-08-12,0.0,0.0,0.0,0.0,0.0,0.0,0.0,0.0
2018-08-13,0.0,0.0,0.0,0.0,0.0,0.0,0.0,0.0
2018-08-14,0.0,0.0,0.0,0.0,0.0,0.0,0.0,0.0
2018-08-15,0.0,0.0,0.0,0.0,0.0,0.0,0.0,0.0
2018-08-16,0.0,0.0,0.0,0.0,0.0,0.0,0.0,0.0
2018-08-17,7.67,2.1799999999999997,24.23,15.370000000000001,4.16,2.37,1.77,17.16
2018-08-18,3.54,0.6000000000000001,9.450000000000001,0.6000000000000001,0.2,24.95,16.74,0.4
2018-08-19,0.0,0.0,0.2,0.0,0.0,,,0.0
2018-08-20,0.0,0.0,0.0,0.0,0.0,0.0,0.0,0.0
2018-08-21,0.0,0.0,0.0,0.0,0.0,0.0,0.0,0.0
2018-08-22,0.0,0.0,0.0,0.0,0.0,0.0,0.0,0.0
2018-08-23,0.0,0.0,0.0,0.0,0.0,0.0,0.0,0.0
2018-08-24,0.0,0.0,0.0,0.0,0.0,0.0,0.0,0.0
2018-08-25,0.0,0.0,0.0,0.0,0.0,0.0,0.0,0.0
2018-08-26,7.869999999999999,0.0,0.0,0.2,0.0,,0.0,6.2700000000000005
2018-08-27,0.0,0.0,0.0,0.0,0.0,0.0,0.0,0.0
2018-08-28,0.0,0.0,0.0,0.0,0.0,0.0,0.0,0.0
2018-08-29,0.0,0.0,0.0,0.0,0.0,0.0,0.0,0.0
2018-08-30,0.0,0.0,0.0,0.0,0.0,0.0,0.0,
2018-08-31,0.0,0.0,0.0,0.0,0.0,0.0,0.0,
2018-09-01,0.0,0.0,0.0,0.0,0.0,0.0,0.0,0.0
2018-09-02,0.0,0.0,0.0,0.0,0.0,0.0,0.0,0.0
2018-09-03,0.0,0.0,0.0,0.0,0.0,0.0,0.0,0.0
2018-09-04,1.58,1.58,1.59,1.0,0.99,0.4,1.19,0.6000000000000001
2018-09-05,0.0,0.0,0.0,0.0,0.0,0.0,0.0,0.0
2018-09-06,0.0,,0.0,0.0,,0.0,0.0,0.0
2018-09-07,0.0,0.0,0.0,0.0,0.0,0.0,0.0,0.0
2018-09-08,0.0,0.0,0.0,0.0,0.0,0.0,0.0,0.0
2018-09-09,0.0,0.0,0.0,0.0,0.0,0.0,0.0,0.0
2018-09-10,0.0,,0.0,0.0,,0.0,0.0,0.0
2018-09-11,0.0,0.0,0.0,0.0,0.0,0.0,0.0,0.0
2018-09-12,0.0,0.0,0.0,0.0,0.0,0.0,0.0,0.0
2018-09-13,0.0,0.0,0.0,0.0,0.0,0.0,0.0,0.0
2018-09-14,1.3900000000000001,1.1800000000000002,16.340000000000003,0.79,3.5500000000000003,11.39,14.77,2.35
2018-09-15,21.87,24.38,21.07,18.31,19.279999999999998,20.09,20.490000000000002,28.71
2018-09-16,2.56,10.920000000000002,11.05,3.35,2.37,5.3100000000000005,9.459999999999999,7.49
2018-09-17,3.95,7.1,5.51,12.809999999999999,4.54,10.65,14.43,8.540000000000001
2018-09-18,0.2,0.4,0.9900000000000001,0.2,0.0,,1.1900000000000002,0.2
2018-09-19,0.2,0.6000000000000001,8.260000000000002,1.0,0.2,15.17,3.74,0.0
2018-09-20,0.99,0.6000000000000001,2.0,1.9699999999999998,0.2,2.0,2.0,2.7600000000000002
2018-09-21,2.38,8.09,41.480000000000004,4.14,10.030000000000001,25.38,41.59,1.98
2018-09-22,0.0,0.0,0.0,0.0,0.0,0.0,0.0,0.0
2018-09-23,0.0,0.0,0.0,0.0,0.0,0.0,0.0,0.0
2018-09-24,0.0,0.0,0.0,0.0,0.0,0.0,0.0,0.0
2018-09-25,0.0,0.0,0.0,0.0,0.0,0.0,0.0,0.0
2018-09-26,0.0,0.0,0.0,,0.0,0.0,0.0,0.0
2018-09-27,0.0,0.0,0.0,0.0,0.0,0.0,0.0,
2018-09-28,0.6000000000000001,2.96,0.0,0.4,0.0,2.76,0.0,
2018-09-29,3.56,0.6000000000000001,0.4,3.35,2.17,0.6000000000000001,0.8,0.79
2018-09-30,1.99,0.0,,1.8,0.8,0.0,0.4,0.2
2018-10-01,0.0,50.08,0.5900000000000001,,1.5699999999999998,1.37,1.37,20.07
2018-10-02,0.0,1.19,0.0,0.2,0.4,0.0,,0.0
2018-10-03,0.0,0.0,0.0,0.0,0.0,0.0,,0.0
2018-10-04,7.07,0.0,0.4,1.96,0.0,0.0,0.0,0.0
2018-10-05,,0.0,0.0,8.67,0.0,,0.0,0.0
2018-10-06,2.2,0.0,0.0,0.0,0.0,0.0,0.0,0.0
2018-10-07,,1.2,4.19,1.0,1.2000000000000002,4.180000000000001,,0.8
2018-10-08,,0.0,,,0.0,,,0.0
2018-10-09,0.0,0.0,0.0,,0.0,0.0,,0.0
2018-10-10,,0.0,,,0.0,,,
2018-10-11,0.0,0.0,6.890000000000001,0.0,0.0,14.74,13.77,0.0
2018-10-12,0.0,0.0,0.4,0.0,0.0,0.2,0.6000000000000001,0.0
2018-10-13,0.0,0.0,0.0,0.0,0.0,0.0,0.0,0.0
2018-10-14,1.9900000000000002,0.8,10.04,0.5900000000000001,20.24,16.19,6.699999999999999,
2018-10-15,7.34,19.209999999999997,8.290000000000001,4.15,18.77,16.560000000000002,22.31,4.92
2018-10-16,4.2,0.2,20.330000000000002,,1.6,0.0,,0.0
2018-10-17,2.9800000000000004,0.0,13.82,0.2,0.0,0.0,1.1800000000000002,0.0
2018-10-18,7.000000000000001,18.069999999999997,,14.979999999999999,30.5,20.42,20.429999999999996,14.370000000000001
2018-10-19,2.4000000000000004,10.59,5.5600000000000005,2.1799999999999997,15.81,0.0,0.0,22.800000000000004
2018-10-20,2.6,0.79,2.37,4.15,15.780000000000001,6.890000000000001,4.1499999999999995,4.53
2018-10-21,0.8,0.0,0.0,0.0,0.0,0.0,0.0,0.0
2018-10-22,,,,,,,,
2018-10-23,,,,,,,,
2018-10-24,1.4000000000000001,1.3900000000000001,11.209999999999999,2.76,2.38,8.08,5.119999999999999,2.3600000000000003
2018-10-25,7.2,,26.56,47.86,32.83,35.0,28.92,50.97
2018-10-26,2.8000000000000003,8.25,4.92,4.1499999999999995,13.540000000000001,1.3800000000000001,2.96,
2018-10-27,2.0,3.16,3.54,13.85,6.720000000000001,,2.76,13.92
2018-10-28,2.2,0.0,0.0,0.2,0.2,0.0,0.0,0.0
2018-10-29,1.3900000000000001,3.5500000000000003,0.0,0.0,3.15,0.0,0.0,2.17
2018-10-30,,,,,,,,
2018-10-31,0.6000000000000001,0.0,0.0,0.0,0.0,0.0,0.0,0.0
2018-11-01,0.4,3.96,14.42,77.75,43.839999999999996,4.12,5.33,3.37
2018-11-02,0.6000000000000001,0.0,0.4,0.0,0.0,0.2,0.4,0.0
2018-11-03,0.4,0.0,0.0,0.0,0.0,0.0,0.0,0.0
2018-11-04,0.4,0.4,11.61,23.82,0.0,0.0,0.0,0.0
2018-11-05,0.4,,1.6,0.2,0.9900000000000001,2.7800000000000002,1.2000000000000002,0.5900000000000001
2018-11-06,0.6000000000000001,3.54,0.6000000000000001,0.0,1.2,0.4,0.2,0.4
2018-11-07,0.4,0.0,0.0,0.0,0.0,,0.0,0.0
2018-11-08,0.4,31.48,27.58,24.71,22.94,36.97,31.47,40.379999999999995
2018-11-09,0.4,30.02,21.220000000000002,23.19,31.28,13.73,22.98,36.32
2018-11-10,0.6000000000000001,0.6000000000000001,0.2,32.5,4.16,0.99,0.2,0.8
2018-11-11,0.6000000000000001,0.0,0.0,0.0,0.0,0.0,0.0,
2018-11-12,0.6000000000000001,0.0,0.0,0.0,0.0,,0.0,0.0
2018-11-13,0.6000000000000001,0.0,0.0,0.0,0.0,0.0,0.0,0.0
2018-11-14,0.4,,0.0,0.0,0.0,0.0,0.0,0.0
2018-11-15,0.4,23.07,9.25,13.77,18.07,0.0,0.0,34.72
2018-11-16,0.6000000000000001,5.71,2.5900000000000003,40.37,8.07,15.35,23.7,6.1
2018-11-17,0.4,0.0,0.0,0.0,0.0,0.0,0.0,0.0
2018-11-18,0.4,0.0,0.0,0.0,0.0,0.0,0.0,0.0
2018-11-19,0.4,11.99,11.06,14.66,14.57,4.75,10.86,11.83
2018-11-20,0.4,40.75,40.97,41.78,32.61,33.36,36.730000000000004,26.59
2018-11-21,0.0,42.910000000000004,35.22,39.63,30.39,59.21,46.48,48.03
2018-11-22,0.0,2.1900000000000004,0.8,2.4000000000000004,18.0,1.59,2.38,
2018-11-23,0.0,4.33,0.0,1.58,5.800000000000001,2.17,0.0,3.94
2018-11-24,0.0,1.79,7.51,5.14,4.800000000000001,1.0,1.8000000000000003,2.97
2018-11-25,0.0,6.75,11.44,53.25,4.800000000000001,14.98,26.4,14.58
2018-11-26,0.0,0.0,0.0,7.66,8.0,0.0,0.2,0.0
2018-11-27,,0.0,0.0,0.0,5.800000000000001,0.0,0.0,0.0
2018-11-28,0.0,0.0,0.0,0.0,3.2,0.0,0.0,0.0
2018-11-29,0.0,0.0,0.0,0.0,0.6000000000000001,0.0,0.0,0.0
2018-11-30,0.0,0.0,0.0,0.0,0.0,0.0,0.0,0.0
2018-12-01,0.0,39.76,34.87,47.49,18.38,27.02,44.910000000000004,38.01
2018-12-02,0.0,6.51,1.4000000000000001,3.7800000000000002,3.6,4.73,3.4000000000000004,15.379999999999999
2018-12-03,0.0,46.18,23.88,20.04,2.8000000000000003,69.94,22.560000000000002,24.02
2018-12-04,0.0,0.0,0.0,0.0,2.0,0.0,8.200000000000001,0.0
2018-12-05,0.0,0.0,0.0,0.0,1.4000000000000001,0.0,0.8,0.0
2018-12-06,0.0,8.88,8.66,1.1800000000000002,2.2,0.0,0.2,31.75
2018-12-07,0.0,15.48,1.19,11.86,1.6,0.0,1.3900000000000001,5.130000000000001
2018-12-08,0.0,3.75,3.35,21.16,1.4000000000000001,0.99,5.2,5.5
2018-12-09,0.0,0.0,0.0,0.0,0.8,0.0,0.4,0.0
2018-12-10,0.0,0.0,0.0,0.0,1.2000000000000002,0.0,0.4,0.0
2018-12-11,0.0,0.0,0.0,0.0,1.0,0.0,0.0,0.0
2018-12-12,0.0,0.0,0.0,0.0,1.2000000000000002,7.67,2.19,0.0
2018-12-13,0.0,0.0,0.0,0.6000000000000001,1.2000000000000002,3.55,3.0,0.0
2018-12-14,0.0,0.0,0.0,0.0,1.2000000000000002,0.0,0.0,0.0
2018-12-15,0.0,0.0,0.0,0.0,1.4000000000000001,,,0.0
2018-12-16,0.0,0.0,0.0,0.0,0.8,0.0,0.0,0.0
2018-12-17,0.0,0.0,0.0,0.0,0.0,0.0,0.0,0.0
2018-12-18,0.0,0.0,0.0,0.0,0.0,0.0,0.0,0.0
2018-12-19,0.0,1.77,30.77,,1.97,2.75,0.0,0.0
2018-12-20,0.0,0.0,0.79,1.99,1.77,5.11,0.99,5.79
2018-12-21,0.0,3.5500000000000003,19.830000000000002,0.4,0.0,0.2,2.0,1.38
2018-12-22,0.0,7.08,1.79,14.11,26.72,0.9900000000000001,5.590000000000001,22.25
2018-12-23,0.0,0.0,0.2,2.5700000000000003,0.0,0.0,1.0,0.2
2018-12-24,0.0,,33.59,9.27,5.91,,4.57,40.99
2018-12-25,0.0,10.049999999999999,5.7299999999999995,21.73,21.48,13.790000000000001,27.17,40.41
2018-12-26,0.0,16.92,14.370000000000001,5.76,14.600000000000001,14.58,2.6,
2018-12-27,0.0,8.29,20.3,34.4,26.95,9.24,8.0,10.649999999999999
2018-12-28,0.0,13.600000000000001,1.79,13.34,9.28,4.33,14.000000000000002,17.36
2018-12-29,0.0,23.05,,19.91,13.06,18.91,7.4,25.2
2018-12-30,0.0,4.12,60.56,9.71,4.0,0.2,5.4,3.16
2018-12-31,0.0,53.540000000000006,27.97,33.81,1.8,3.3400000000000003,2.8000000000000003,20.28
2019-01-01,0.0,46.0,12.219999999999999,13.66,2.8000000000000003,7.49,3.0,32.12
2019-01-02,0.0,0.0,0.0,0.2,2.2,0.0,2.6,2.56
2019-01-03,0.0,0.0,0.0,0.0,1.6,0.0,0.0,0.0
2019-01-04,0.0,16.919999999999998,4.140000000000001,8.57,0.8,2.37,1.4000000000000001,11.22
2019-01-05,0.0,0.0,0.0,0.0,,0.0,0.0,2.36
2019-01-06,0.0,0.0,0.0,1.18,0.6000000000000001,0.0,,0.5900000000000001
2019-01-07,0.0,,0.0,,3.2,0.0,0.0,0.0
2019-01-08,0.0,0.0,12.629999999999999,0.0,6.4,0.0,1.0,0.0
2019-01-09,0.0,0.0,0.0,0.0,2.6,0.0,0.2,0.0
2019-01-10,0.0,0.0,0.0,0.0,0.0,0.0,0.0,0.0
2019-01-11,0.0,0.0,0.0,0.0,0.0,0.0,0.0,0.0
2019-01-12,0.0,0.0,0.0,0.0,0.0,0.0,0.0,0.0
2019-01-13,0.0,0.0,0.0,0.0,0.0,0.0,0.0,0.0
2019-01-14,0.0,0.0,0.2,0.0,0.0,0.5900000000000001,1.98,0.0
2019-01-15,0.0,0.0,0.0,0.0,0.0,0.0,0.0,0.0
2019-01-16,0.0,0.4,0.0,0.0,0.0,0.0,0.0,0.0
2019-01-17,0.0,0.0,1.19,0.0,0.0,0.0,0.4,0.0
2019-01-18,0.0,0.0,3.1500000000000004,0.0,0.0,2.7600000000000002,3.59,0.0
2019-01-19,0.0,0.0,0.0,0.0,0.0,0.0,0.2,0.0
2019-01-20,0.0,18.91,0.0,6.85,19.06,2.36,0.0,2.19
2019-01-21,0.0,0.2,1.77,14.79,0.0,1.97,0.0,0.0
2019-01-22,0.0,0.5900000000000001,3.56,0.0,0.0,0.2,0.2,0.0
2019-01-23,0.0,0.0,0.0,0.0,0.0,0.0,0.0,0.0
2019-01-24,,0.0,0.0,0.0,0.0,0.0,0.0,0.0
2019-01-25,0.0,0.0,0.0,0.0,0.0,,,0.0
2019-01-26,0.0,0.0,0.0,0.2,0.0,4.34,0.8,0.0
2019-01-27,0.0,0.0,0.0,0.0,0.0,0.2,0.0,0.0
2019-01-28,0.0,,0.0,0.0,0.0,0.0,0.0,0.0
2019-01-29,0.0,1.57,,0.0,0.0,0.0,0.0,0.0
2019-01-30,0.0,0.0,8.1,2.5900000000000003,0.0,,6.73,0.0
2019-01-31,0.0,10.42,0.2,0.0,0.0,0.0,17.52,0.0
2019-02-01,0.0,0.0,0.0,0.0,0.0,0.0,0.0,0.0
2019-02-02,0.0,0.0,0.0,0.0,0.0,0.0,0.0,0.0
2019-02-03,0.0,0.0,0.0,4.98,0.0,0.0,0.0,0.0
2019-02-04,0.0,6.11,67.41,12.8,,,13.92,0.0
2019-02-05,0.0,,0.0,0.0,,0.0,7.4,9.709999999999999
2019-02-06,,12.03,17.18,9.52,,,4.6000000000000005,9.84
2019-02-07,,,,,,,12.200000000000001,
2019-02-08,,,,,,,,
2019-02-09,0.0,10.5,0.0,0.0,0.0,0.0,0.0,0.0
2019-02-10,0.0,0.0,,0.0,0.0,1.58,0.0,0.0
2019-02-11,0.0,0.0,0.0,0.0,0.0,0.0,0.0,0.0
2019-02-12,0.0,0.0,0.0,0.0,0.0,0.0,0.0,0.0
2019-02-13,0.0,45.66,60.870000000000005,10.64,69.48,8.860000000000001,6.97,2.18
2019-02-14,0.0,0.2,0.0,8.69,0.0,,12.0,0.0
2019-02-15,0.0,6.91,4.93,14.48,12.41,,8.34,14.409999999999998
2019-02-16,,,,,,,5.0,
2019-02-17,0.0,56.74,18.71,23.63,37.16,34.92,25.55,70.42
2019-02-18,0.0,12.51,7.130000000000001,12.26,12.21,2.1900000000000004,17.76,15.59
2019-02-19,0.0,7.5,2.4,6.55,2.79,5.510000000000001,3.0,
2019-02-20,0.0,0.4,6.49,0.0,0.0,1.97,0.4,0.0
2019-02-21,0.0,7.890000000000001,21.509999999999998,9.99,7.09,17.5,9.59,7.09
2019-02-22,0.0,0.0,2.56,0.0,0.0,9.11,6.2,0.0
2019-02-23,,0.0,,,0.0,,,0.0
2019-02-24,,0.0,,,0.0,,,0.0
2019-02-25,0.0,0.0,23.669999999999998,0.0,0.0,0.0,0.0,0.0
2019-02-26,0.0,,14.790000000000001,5.54,,38.1,3.2,14.940000000000001
2019-02-27,0.0,60.27,,9.870000000000001,1.2000000000000002,0.2,14.8,1.0
2019-02-28,0.0,,10.040000000000001,11.58,7.700000000000001,6.5,13.000000000000002,5.71
2019-03-01,0.0,7.3,21.84,7.92,23.82,33.349999999999994,26.580000000000002,20.67
2019-03-02,0.0,7.11,0.8,8.97,,1.2000000000000002,10.4,20.48
2019-03-03,0.0,0.0,0.0,0.0,0.0,0.0,0.0,0.0
2019-03-04,0.0,0.0,0.2,0.0,0.0,0.0,1.19,0.0
2019-03-05,0.0,0.0,1.59,0.0,0.0,0.0,3.6,0.0
2019-03-06,0.0,0.0,0.6000000000000001,0.0,2.96,4.93,1.8,0.0
2019-03-07,0.0,0.0,0.0,0.0,0.0,0.0,1.2000000000000002,0.0
2019-03-08,0.0,0.0,0.0,0.0,0.0,0.0,0.0,0.0
2019-03-09,0.0,0.0,0.0,0.6000000000000001,0.0,,0.0,0.0
2019-03-10,0.0,0.0,1.78,0.6000000000000001,5.7,8.46,1.99,0.79
2019-03-11,0.0,1.0,0.0,11.13,0.2,17.47,5.6000000000000005,9.07
2019-03-12,0.0,0.0,0.0,0.0,0.0,0.0,4.2,0.0
2019-03-13,0.0,8.89,7.68,0.0,0.79,0.0,2.4000000000000004,0.0
2019-03-14,0.0,,0.0,0.0,0.0,0.0,0.2,0.0
2019-03-15,0.0,0.0,,0.0,0.0,0.0,0.0,0.0
2019-03-16,0.0,11.059999999999999,13.819999999999999,0.0,1.5799999999999998,0.2,0.0,0.2
2019-03-17,0.0,,,13.06,4.93,3.75,1.2000000000000002,1.5900000000000003
2019-03-18,0.0,7.08,0.0,0.0,28.57,0.0,0.0,0.79
2019-03-19,0.0,0.0,0.0,0.0,0.0,0.2,0.0,0.0
2019-03-20,0.0,1.19,0.0,4.94,16.61,0.0,1.4000000000000001,6.11
2019-03-21,0.0,23.0,19.93,26.17,18.110000000000003,13.96,10.600000000000001,13.01
2019-03-22,0.0,61.81,27.57,31.3,31.52,34.2,23.16,28.56
2019-03-23,0.0,0.0,0.2,0.0,0.0,0.0,5.2,0.0
2019-03-24,0.0,28.58,0.0,0.2,0.0,0.0,0.0,0.0
2019-03-25,0.0,0.0,0.0,0.0,0.0,0.0,0.0,0.0
2019-03-26,0.0,0.0,0.0,0.0,0.0,0.0,0.0,0.0
2019-03-27,0.0,0.0,0.0,0.0,,0.0,0.0,0.0
2019-03-28,0.0,0.0,,0.0,0.0,0.0,0.0,0.0
2019-03-29,0.0,0.0,0.0,0.0,0.0,,0.0,0.0
2019-03-30,0.0,0.0,0.0,0.0,0.0,0.0,0.0,0.0
2019-03-31,0.0,0.0,0.0,0.0,0.0,0.0,0.0,0.0
2019-04-01,0.0,22.15,0.0,0.0,8.06,0.0,0.2,29.7
2019-04-02,,0.2,0.0,,0.0,0.4,0.2,0.0
2019-04-03,0.0,,0.0,7.87,4.92,0.79,1.97,0.98
2019-04-04,0.0,3.16,0.0,0.2,0.0,1.5799999999999998,0.2,10.64
2019-04-05,0.0,0.99,0.0,0.0,0.2,0.0,0.0,0.79
2019-04-06,0.0,,0.6000000000000001,1.0,3.3400000000000003,16.740000000000002,6.790000000000001,0.5900000000000001
2019-04-07,0.0,0.0,3.36,0.0,0.0,0.0,6.869999999999999,0.0
2019-04-08,0.0,0.0,0.4,2.74,0.79,0.59,12.96,3.73
2019-04-09,0.0,,,6.32,2.36,1.0,6.4,2.75
2019-04-10,0.0,0.0,0.6000000000000001,0.0,0.0,13.0,3.0,0.0
2019-04-11,0.0,0.0,0.0,0.0,0.0,0.0,0.0,0.0
2019-04-12,0.0,0.0,0.0,0.0,,,0.0,0.0
2019-04-13,0.0,0.0,0.0,0.0,0.0,0.0,0.0,0.0
2019-04-14,0.0,8.86,0.2,0.2,0.0,0.4,0.0,0.0
2019-04-15,0.0,35.4,9.49,5.79,4.3500000000000005,16.92,5.19,12.42
2019-04-16,0.0,11.63,12.04,26.53,17.12,7.52,17.95,30.83
2019-04-17,0.0,40.8,56.400000000000006,22.32,27.419999999999998,22.63,28.0,21.26
2019-04-18,0.0,0.2,0.2,0.0,,0.0,5.4,0.0
2019-04-19,0.0,0.0,0.0,0.0,0.0,0.0,0.2,0.0
2019-04-20,0.0,0.0,0.0,0.0,0.0,0.0,0.0,0.0
2019-04-21,0.0,0.0,0.0,0.0,0.0,0.0,0.42,0.0
2019-04-22,0.0,3.3600000000000003,0.0,2.96,0.0,0.0,0.0,1.58
2019-04-23,0.0,0.0,0.0,0.0,0.0,0.0,0.0,0.0
2019-04-24,0.0,0.0,0.0,0.0,0.0,0.0,0.0,0.0
2019-04-25,0.0,0.0,0.0,0.0,0.0,0.0,0.0,0.0
2019-04-26,0.0,0.0,,0.0,0.0,0.0,0.2,0.0
2019-04-27,0.0,0.0,0.0,0.0,0.0,0.0,0.0,0.0
2019-04-28,0.0,0.0,0.0,0.0,0.0,0.0,0.0,0.0
2019-04-29,0.0,5.9,10.04,0.0,3.9400000000000004,0.79,3.2,0.0
2019-04-30,0.0,0.0,,0.0,0.0,0.0,,0.0
2019-05-01,0.0,0.0,0.0,0.0,0.0,0.0,0.0,0.0
2019-05-02,0.0,19.7,0.6000000000000001,4.14,13.06,15.56,2.79,3.5400000000000005
2019-05-03,0.0,0.2,0.2,8.85,2.5700000000000003,0.99,,0.0
2019-05-04,0.0,0.0,6.489999999999999,13.5,0.0,0.0,2.4,0.0
2019-05-05,0.0,0.0,0.2,0.0,0.0,0.0,0.4,0.0
2019-05-06,0.0,,0.0,0.0,0.0,0.0,0.0,0.0
2019-05-07,0.0,0.0,0.0,0.0,0.0,0.0,0.0,0.0
2019-05-08,0.0,3.3600000000000003,0.4,11.2,11.61,0.0,0.0,14.19
2019-05-09,0.0,0.0,0.0,0.0,0.0,0.0,0.0,0.0
2019-05-10,,0.0,0.0,0.0,0.0,0.0,0.0,0.0
2019-05-11,0.0,0.0,0.0,0.0,0.0,0.0,0.0,0.0
2019-05-12,0.0,0.0,0.0,0.0,0.0,0.0,0.2,0.0
2019-05-13,0.0,0.0,0.0,11.36,0.0,0.0,0.0,0.0
2019-05-14,0.0,,0.0,4.54,0.0,0.0,0.0,0.0
2019-05-15,0.0,10.46,12.040000000000001,21.16,9.47,16.65,44.89,25.59
2019-05-16,0.0,2.0,2.2,,0.6000000000000001,6.13,3.6,2.58
2019-05-17,0.0,1.0,1.0,0.6000000000000001,0.2,0.0,0.4,0.2
2019-05-18,,0.2,,5.18,0.2,0.8,0.4,0.2
2019-05-19,0.0,0.0,0.0,0.0,0.0,0.0,0.2,0.0
2019-05-20,0.0,0.0,0.0,0.0,0.0,0.0,0.2,0.0
2019-05-21,0.0,0.0,0.0,0.0,0.0,0.0,0.2,0.0
2019-05-22,0.0,0.0,0.0,0.0,0.0,0.0,0.0,0.0
2019-05-23,0.0,0.0,0.0,0.0,0.0,,0.0,0.0
2019-05-24,0.0,0.0,0.0,0.0,0.0,0.0,0.0,0.0
2019-05-25,0.0,0.0,0.0,,0.0,0.0,0.0,0.0
2019-05-26,0.0,0.0,0.0,0.0,0.0,0.0,0.2,0.0
2019-05-27,0.0,0.0,0.0,0.0,0.0,0.0,0.0,0.0
2019-05-28,0.0,0.0,0.0,0.0,0.0,0.0,0.2,0.0
2019-05-29,0.0,0.0,0.0,0.0,0.0,0.0,0.0,0.0
2019-05-30,0.0,,0.0,0.0,0.0,0.0,0.0,0.0
2019-05-31,0.0,0.0,0.0,0.0,,0.0,0.0,0.0
2019-06-01,0.0,0.0,0.0,0.0,0.0,,0.0,0.0
2019-06-02,0.0,0.0,0.0,0.0,,0.0,0.0,0.0
2019-06-03,0.0,9.83,12.99,4.12,10.030000000000001,4.529999999999999,2.9800000000000004,5.32
2019-06-04,0.0,0.2,0.2,2.9800000000000004,,0.0,4.76,0.2
2019-06-05,0.0,0.0,0.0,0.0,0.0,0.0,0.0,0.0
2019-06-06,0.0,0.0,0.0,0.0,0.0,0.0,0.0,0.0
2019-06-07,0.0,0.0,0.0,0.0,0.0,0.0,0.0,0.0
2019-06-08,0.0,0.0,0.0,0.0,0.0,0.0,0.0,0.0
2019-06-09,0.0,0.0,0.0,0.0,0.0,0.0,0.2,0.0
2019-06-10,0.0,0.0,0.0,0.0,0.0,0.0,0.0,0.0
2019-06-11,0.0,0.0,0.0,0.0,0.0,0.0,0.0,0.0
2019-06-12,0.0,0.0,0.0,0.0,0.0,0.0,0.2,0.0
2019-06-13,0.0,0.0,,0.0,0.0,0.0,0.0,0.0
2019-06-14,0.0,0.0,0.0,0.0,0.0,0.0,0.0,0.0
2019-06-15,0.0,0.0,0.0,0.0,0.0,0.0,0.0,0.0
2019-06-16,0.0,0.0,0.0,0.0,0.0,0.0,0.0,0.0
2019-06-17,0.0,,0.0,0.0,0.0,0.0,0.2,0.0
2019-06-18,0.0,0.0,0.0,0.0,0.0,0.0,0.0,0.0
2019-06-19,0.0,0.0,0.0,0.0,0.0,0.0,0.0,0.0
2019-06-20,0.0,0.0,0.0,0.0,0.0,0.0,0.0,0.0
2019-06-21,0.0,0.0,0.0,0.0,0.0,0.0,0.0,0.0
2019-06-22,0.0,0.0,,0.0,0.0,0.0,0.0,0.0
2019-06-23,0.0,0.0,,0.0,0.0,0.0,0.0,0.0
2019-06-24,0.0,0.0,0.0,0.0,,0.0,0.2,0.0
2019-06-25,0.0,0.0,0.0,0.0,0.0,0.0,0.0,0.0
2019-06-26,0.0,0.0,0.0,0.0,,,0.0,0.0
2019-06-27,0.0,0.0,0.0,0.0,0.0,,0.0,0.0
2019-06-28,0.0,0.0,0.0,0.0,0.0,0.0,0.0,0.0
2019-06-29,0.0,0.0,0.0,0.0,0.0,0.0,0.0,0.0
2019-06-30,0.0,0.0,0.0,0.0,0.0,0.0,0.0,0.0
2019-07-01,0.0,0.0,0.0,0.0,0.0,0.0,0.0,0.0
2019-07-02,0.0,0.0,0.0,0.0,0.0,0.0,0.0,0.0
2019-07-03,0.0,0.0,0.0,0.0,0.0,0.0,0.0,0.0
2019-07-04,0.0,0.0,0.0,0.0,0.0,0.0,0.0,0.0
2019-07-05,0.0,0.0,,0.0,0.0,0.0,0.0,0.0
2019-07-06,0.0,0.0,0.0,0.0,0.0,0.0,0.0,0.0
2019-07-07,0.0,0.0,0.0,0.0,0.0,0.0,0.0,0.0
2019-07-08,0.0,0.0,0.0,0.0,0.0,0.0,0.0,0.0
2019-07-09,0.0,0.0,0.0,0.0,,0.0,0.0,0.0
2019-07-10,0.0,0.0,0.0,0.0,0.0,0.0,0.0,0.0
2019-07-11,,,,,,,,
2019-07-12,,0.0,0.0,,0.0,0.0,,0.0
2019-07-13,0.0,0.0,0.0,0.0,0.0,0.0,0.0,0.0
2019-07-14,0.0,0.0,0.0,0.0,0.0,0.0,0.0,0.0
2019-07-15,,,,,,,,
2019-07-16,,,,,,,,
2019-07-17,,,,,,,,
2019-07-18,,,,,,,,
2019-07-19,,,,,,,,
2019-07-20,,,,,,,,
2019-07-21,,,,,,,,
2019-07-22,,,,,,,,
2019-07-23,,,,,,,,
2019-07-24,,,,,,,,
2019-07-25,,,,,,,,
2019-07-26,,,,,,,,
2019-07-27,,,,,,,,
2019-07-28,,,,,,,,
2019-07-29,,,,,,,,
2019-07-30,0.0,0.0,0.0,0.0,,0.0,0.0,0.0
2019-07-31,0.0,0.0,0.0,0.0,0.0,0.0,0.2,0.0
2019-08-01,0.0,0.0,0.0,0.0,0.0,0.0,0.0,0.0
2019-08-02,0.0,0.0,0.0,0.0,0.0,0.0,0.0,0.0
2019-08-03,0.0,0.0,0.0,0.0,0.0,,0.0,0.0
2019-08-04,0.0,0.0,0.2,0.0,0.0,0.0,0.4,0.0
2019-08-05,0.0,0.0,0.0,0.0,0.0,0.0,0.0,0.0
2019-08-06,0.0,0.0,0.0,0.0,0.0,0.0,0.0,0.0
2019-08-07,0.0,0.0,0.0,0.0,0.0,0.0,0.0,0.0
2019-08-08,0.0,0.0,0.0,0.0,0.0,0.0,0.0,0.0
2019-08-09,0.0,0.0,0.0,0.0,0.0,0.0,0.0,0.0
2019-08-10,0.0,0.0,0.0,0.0,0.0,0.0,0.0,0.0
2019-08-11,0.0,0.0,0.0,0.0,0.0,0.0,0.0,0.0
2019-08-12,0.0,0.0,0.0,0.0,0.0,0.0,0.0,0.0
2019-08-13,0.0,0.0,0.0,0.0,0.0,,0.0,0.0
2019-08-14,0.0,0.0,0.0,0.0,0.0,0.0,0.0,0.0
2019-08-15,0.0,0.0,0.0,0.0,0.0,0.0,0.0,0.0
2019-08-16,0.0,0.0,0.0,0.0,0.0,0.0,0.0,0.0
2019-08-17,0.0,0.0,0.0,0.0,0.0,0.0,0.0,0.0
2019-08-18,0.0,0.0,0.0,0.0,0.0,0.0,0.2,0.0
2019-08-19,0.0,0.0,0.0,0.0,0.0,0.0,0.0,0.0
2019-08-20,0.0,0.0,0.0,0.0,0.0,0.0,0.0,0.0
2019-08-21,0.0,,0.0,0.0,,0.0,0.0,0.0
2019-08-22,0.0,0.0,,0.0,0.0,0.0,0.0,0.0
2019-08-23,0.0,7.09,1.97,0.0,0.0,0.0,0.0,0.0
2019-08-24,0.0,0.2,,0.0,0.0,,0.0,0.0
2019-08-25,0.0,0.0,0.0,0.0,0.0,0.0,0.0,0.0
2019-08-26,0.0,0.0,0.0,0.0,0.0,0.0,0.0,0.0
2019-08-27,,,0.0,0.0,0.0,0.0,0.0,0.0
2019-08-28,,,,,,,,
2019-08-29,,,,,,,,
2019-08-30,,,,,,,,
2019-08-31,0.0,0.0,0.0,0.0,0.0,0.0,0.0,0.0
2019-09-01,0.0,0.0,0.0,0.0,0.0,0.0,0.0,0.0
2019-09-02,0.0,0.0,0.0,0.0,0.0,0.0,0.0,0.0
2019-09-03,0.0,0.0,0.0,0.0,0.0,0.0,,0.0
2019-09-04,0.0,0.0,0.0,0.0,0.0,0.0,0.0,0.0
2019-09-05,0.0,0.0,0.0,0.0,0.0,0.0,0.0,0.0
2019-09-06,0.0,,0.0,0.0,,0.0,0.0,0.0
2019-09-07,0.0,0.0,0.0,0.0,0.0,0.0,0.0,0.0
2019-09-08,0.0,0.0,0.0,0.0,0.0,0.0,0.0,0.0
2019-09-09,0.0,0.0,0.0,0.0,0.0,0.0,0.0,0.0
2019-09-10,0.0,0.0,0.0,0.0,0.0,0.0,0.0,0.0
2019-09-11,0.0,0.0,0.0,0.0,0.0,0.0,0.0,0.0
2019-09-12,0.0,0.0,0.0,0.0,0.0,0.0,0.0,0.0
2019-09-13,,0.0,0.0,,0.0,0.0,0.0,0.0
2019-09-14,0.0,0.0,0.0,0.0,0.0,0.0,0.0,0.0
2019-09-15,0.0,0.0,0.0,0.0,0.0,0.0,0.0,0.0
2019-09-16,0.0,0.0,0.0,0.0,0.0,0.0,0.0,0.0
2019-09-17,0.0,0.0,0.0,0.0,0.0,0.0,0.0,0.0
2019-09-18,0.0,0.0,0.0,0.0,0.0,0.0,0.0,0.0
2019-09-19,0.0,0.0,0.0,0.0,0.0,,0.0,0.0
2019-09-20,0.0,0.0,0.0,0.0,0.0,,0.0,0.0
2019-09-21,0.0,0.0,0.0,0.0,,0.0,0.0,0.0
2019-09-22,0.0,0.0,0.0,0.0,0.0,0.0,0.0,0.0
2019-09-23,0.0,,0.0,0.0,0.0,0.0,0.0,0.0
2019-09-24,0.0,0.0,0.0,0.0,,,0.0,0.0
2019-09-25,0.0,1.8000000000000003,1.9900000000000002,1.0,0.4,0.8,1.4000000000000001,1.2000000000000002
2019-09-26,0.0,15.850000000000001,24.12,12.600000000000001,12.9,28.88,7.99,10.52
2019-09-27,0.0,,15.729999999999999,9.35,5.75,20.94,7.2,6.75
2019-09-28,0.0,0.0,0.0,0.0,0.0,0.0,2.6,0.0
2019-09-29,0.0,0.0,0.0,0.0,0.0,0.0,2.4000000000000004,0.0
2019-09-30,0.0,0.0,0.0,0.0,0.0,0.0,7.109999999999999,0.0
2019-10-01,0.0,0.0,0.0,0.0,0.0,0.0,0.0,0.0
2019-10-02,0.0,,0.0,0.0,0.0,0.0,0.0,0.0
2019-10-03,0.0,0.0,0.0,0.0,0.0,0.0,0.0,0.0
2019-10-04,0.0,0.0,0.0,0.0,0.0,0.0,0.0,0.0
2019-10-05,0.0,0.0,0.0,0.0,0.0,0.0,0.0,0.0
2019-10-06,0.0,0.6000000000000001,3.5400000000000005,0.0,0.2,0.0,0.0,0.0
2019-10-07,0.0,0.0,0.0,0.0,0.0,0.0,0.0,0.0
2019-10-08,,,,,,,,
2019-10-09,,,,,,,,
2019-10-10,,,,,,,,
2019-10-11,0.0,0.0,0.0,0.0,0.0,0.0,0.0,0.0
2019-10-12,0.0,0.0,0.0,0.0,0.0,0.0,0.2,0.0
2019-10-13,,,,,,,,
2019-10-14,,,,,,,,
2019-10-15,,,,,,,,
2019-10-16,0.0,0.0,0.0,0.0,0.0,0.0,0.0,0.0
2019-10-17,0.0,0.0,0.0,0.0,0.0,0.0,0.0,0.0
2019-10-18,0.0,0.0,0.0,0.0,0.0,0.0,0.0,0.0
2019-10-19,0.0,0.0,3.75,0.0,0.0,,0.0,0.0
2019-10-20,0.0,0.0,0.0,0.0,0.0,0.0,0.0,0.0
2019-10-21,0.0,8.47,6.9,0.0,0.0,0.0,0.0,0.0
2019-10-22,0.0,2.5700000000000003,0.6000000000000001,0.8,0.0,0.98,0.0,0.4
2019-10-23,0.0,1.6,0.0,0.0,0.0,0.0,,0.0
2019-10-24,0.0,0.0,0.0,0.0,0.0,0.0,0.0,0.0
2019-10-25,0.0,0.0,7.260000000000001,1.4000000000000001,3.3500000000000005,0.0,0.0,0.8
2019-10-26,0.0,6.73,3.96,0.4,17.53,0.0,0.0,16.72
2019-10-27,0.0,,,0.0,0.0,0.2,0.0,0.0
2019-10-28,0.0,4.79,,12.15,1.9800000000000002,0.4,0.2,
2019-10-29,0.0,,,19.35,27.76,17.3,0.0,23.61
2019-10-30,0.0,,,43.12,2.0,,0.2,2.59
2019-10-31,0.0,3.0,50.29,0.4,0.0,27.709999999999997,51.50000000000001,0.2
2019-11-01,0.0,,20.73,11.25,11.05,1.0,4.790000000000001,10.260000000000002
2019-11-02,0.0,5.6000000000000005,1.0,14.33,0.2,0.2,0.2,0.0
2019-11-03,,,,,,,0.0,
2019-11-04,,,,,,,0.0,
2019-11-05,,,,,,,0.2,
2019-11-06,,,,,,,9.67,
2019-11-07,,,,,,,3.35,
2019-11-08,,,,,,,3.93,
2019-11-09,,,,,,,15.8,
2019-11-10,,,8.200000000000001,,,,9.440000000000001,
2019-11-11,,,0.0,,,,0.0,
2019-11-12,,,0.0,,,,0.0,
2019-11-13,,,,,,,,
2019-11-14,,0.8,11.39,,6.32,12.790000000000001,18.55,0.0
2019-11-15,,7.2,19.28,,20.7,5.55,6.94,0.0
2019-11-16,,22.200000000000003,13.49,,1.0,2.96,1.5799999999999998,0.0
2019-11-17,,8.8,,,,,18.060000000000002,0.0
2019-11-18,,8.8,14.170000000000002,,11.209999999999999,9.43,6.29,0.0
2019-11-19,,5.000000000000001,6.72,,17.52,,6.53,0.0
2019-11-20,,2.6,0.2,,0.2,,0.2,0.0
2019-11-21,,1.6,0.2,,0.0,,0.0,0.0
2019-11-22,,2.4000000000000004,2.39,,10.06,,4.34,0.0
2019-11-23,,24.26,32.29,,37.57,,37.91,0.0
2019-11-24,,30.0,7.12,,,,0.2,0.0
2019-11-25,,0.0,0.0,,0.2,,0.0,0.0
2019-11-26,,0.0,0.0,,0.0,,0.0,0.0
2019-11-27,,,0.0,,0.0,,0.0,0.0
2019-11-28,,4.97,10.06,,7.87,,10.45,0.0
2019-11-29,,15.8,27.91,,,,29.36,0.0
2019-11-30,,5.0,17.79,,12.370000000000001,,20.3,0.0
2019-12-01,,1.4000000000000001,18.650000000000002,,2.6,,1.77,0.0
2019-12-02,,21.32,27.580000000000002,,25.98,,36.94,0.0
2019-12-03,,31.57,0.2,,5.33,,0.4,0.0
2019-12-04,,,0.0,,0.0,,0.0,0.0
2019-12-05,,,13.4,,,,6.13,0.0
2019-12-06,,20.87,30.64,,21.650000000000002,,30.89,0.0
2019-12-07,,29.240000000000002,17.34,,,,7.87,0.0
2019-12-08,,7.0,0.0,,,,0.0,0.0
2019-12-09,,,2.99,,,,3.93,0.0
2019-12-10,,7.0,31.26,,3.16,,34.31,0.0
2019-12-11,,10.000000000000002,5.4,,8.3,,10.44,0.0
2019-12-12,,13.8,14.590000000000002,,17.31,,15.08,0.0
2019-12-13,,6.2,6.4,,,,13.58,0.0
2019-12-14,,,30.19,,,,3.7600000000000002,0.0
2019-12-15,,0.4,0.0,,0.0,,0.0,0.0
2019-12-16,,0.0,0.0,,0.0,,0.0,0.0
2019-12-17,,0.0,0.0,,0.0,,0.0,0.0
2019-12-18,,0.6000000000000001,0.0,,0.0,,,0.0
2019-12-19,,,8.72,,0.4,,,0.0
2019-12-20,,0.4,5.800000000000001,,0.2,,41.269999999999996,0.0
2019-12-21,,0.4,,,0.4,,14.39,0.0
2019-12-22,,,,,,,0.2,0.0
2019-12-23,,13.600000000000001,1.6,,6.3,,19.89,0.0
2019-12-24,,14.200000000000001,0.6000000000000001,,10.82,,19.52,0.0
2019-12-25,,15.000000000000002,0.4,,,,0.0,0.0
2019-12-26,,3.4000000000000004,,,0.0,,0.0,0.0
2019-12-27,,0.0,0.4,,0.0,,0.0,0.0
2019-12-28,,0.0,0.0,,0.0,,0.0,0.0
2019-12-29,,0.0,0.2,,3.35,,0.0,0.0
2019-12-30,,0.0,0.0,,,,0.0,0.0
2019-12-31,,0.0,0.0,,0.0,,0.0,0.0
2020-01-01,,0.2,0.0,,0.0,,0.0,0.0
2020-01-02,,23.84,0.0,,100.99000000000001,,46.940000000000005,0.0
2020-01-03,,41.52,0.0,,,,11.690000000000001,0.0
2020-01-04,,37.64,0.2,,,,0.0,0.0
2020-01-05,,13.000000000000002,48.53,,12.99,,31.310000000000002,0.0
2020-01-06,,,,,0.0,,11.83,0.0
2020-01-07,,2.0,0.0,,6.67,,0.6000000000000001,0.0
2020-01-08,,,0.0,,43.7,,2.16,0.0
2020-01-09,,0.8,,,0.4,,0.0,0.0
2020-01-10,,0.6000000000000001,0.0,,2.37,,0.79,0.0
2020-01-11,,0.6000000000000001,0.0,,0.0,,0.0,0.0
2020-01-12,,0.4,27.520000000000003,,0.0,,0.0,0.0
2020-01-13,,0.6000000000000001,0.0,,0.0,,8.52,0.0
2020-01-14,,0.4,,,39.58,,6.69,
2020-01-15,,0.4,0.0,,0.39,,12.229999999999999,0.0
2020-01-16,,0.6000000000000001,0.2,,48.05,,5.33,0.0
2020-01-17,,0.8,0.0,,96.6,,142.32,0.0
2020-01-18,,29.64,0.2,,0.0,,0.2,0.0
2020-01-19,,17.200000000000003,0.2,,48.46,,16.55,0.0
2020-01-20,,9.0,,,10.83,,16.76,0.0
2020-01-21,,2.2,,,0.2,,0.2,0.0
2020-01-22,,,0.2,,0.0,,0.0,0.0
2020-01-23,,36.25,0.2,,76.21,,47.64,0.0
2020-01-24,,187.55,0.2,,122.98,,77.37,0.0
2020-01-25,,41.34,0.2,,77.49,,10.040000000000001,0.0
2020-01-26,,0.2,2.4000000000000004,,1.98,,0.0,0.0
2020-01-27,,0.0,,,7.65,,0.0,0.0
2020-01-28,,96.52,0.2,,,,0.79,0.0
2020-01-29,,,0.2,,,,35.62,0.0
2020-01-30,,0.2,0.2,,0.0,,0.0,0.0
2020-01-31,,0.0,,,0.0,,0.0,0.0
2020-02-01,,0.0,0.2,,27.560000000000002,,0.0,0.0
2020-02-02,,0.0,0.4,,0.0,,39.27,0.0
2020-02-03,,0.0,0.2,,49.68,,3.97,0.0
2020-02-04,,0.0,0.2,,0.0,,0.0,0.0
2020-02-05,,,,,,,77.66,
2020-02-06,,58.85,0.2,,58.08,,33.68,0.0
2020-02-07,,0.4,0.2,,0.2,,1.0,0.0
2020-02-08,,10.43,0.4,,12.76,,1.0,0.0
2020-02-09,,1.38,0.2,,3.36,,6.5,0.0
2020-02-10,,0.4,0.4,,0.0,,,0.0
2020-02-11,,14.030000000000001,0.4,,15.57,,18.34,0.0
2020-02-12,,30.1,0.2,,26.96,,39.160000000000004,0.0
2020-02-13,,,,,,,,
2020-02-14,,1.58,,,6.6899999999999995,,0.2,0.0
2020-02-15,,24.37,0.4,,22.419999999999998,,3.3400000000000003,0.0
2020-02-16,,0.0,0.2,,0.2,,1.4,0.0
2020-02-17,,,0.4,,4.91,,16.509999999999998,0.0
2020-02-18,,0.0,0.8,,,,0.4,0.0
2020-02-19,,0.0,1.6,,,,0.0,0.0
2020-02-20,,,0.2,,0.0,,0.0,0.0
2020-02-21,,0.4,0.2,,0.0,,25.82,0.0
2020-02-22,,6.86,0.0,,7.09,,11.02,0.0
2020-02-23,,1.17,0.2,,0.4,,0.2,0.0
2020-02-24,,5.92,0.0,,2.95,,3.75,0.0
2020-02-25,,32.24,0.2,,2.19,,5.7700000000000005,0.0
2020-02-26,,22.05,0.2,,3.94,,8.489999999999998,0.0
2020-02-27,,,,,,,,
2020-02-28,,,,,,,,
2020-02-29,,10.65,0.0,,,,24.21,0.0
2020-03-01,,9.42,0.2,,7.66,,,0.0
2020-03-02,,27.77,0.2,,26.69,,43.47,0.0
2020-03-03,,29.7,0.0,,11.09,,9.9,0.0
2020-03-04,,9.26,0.2,,33.23,,2.7800000000000002,0.0
2020-03-05,,12.59,0.0,,,,35.76,0.0
2020-03-06,,18.689999999999998,0.2,,0.6000000000000001,,2.16,0.0
2020-03-07,,6.94,0.0,,12.600000000000001,,2.5900000000000003,0.0
2020-03-08,,0.0,0.2,,0.0,,0.0,0.0
2020-03-09,,0.0,0.0,,0.0,,0.0,0.0
2020-03-10,,7.5,0.2,,5.52,,0.0,0.0
2020-03-11,,0.0,,,0.0,,0.0,0.0
2020-03-12,,0.0,0.0,,0.0,,0.0,0.0
2020-03-13,,0.0,0.2,,0.0,,0.0,0.0
2020-03-14,,0.0,0.2,,0.0,,0.2,0.0
2020-03-15,,0.0,0.0,,,,0.0,0.0
2020-03-16,,0.0,0.2,,0.0,,0.0,0.0
2020-03-17,,23.259999999999998,0.0,,15.62,,0.0,0.0
2020-03-18,,1.97,0.2,,2.5700000000000003,,0.0,0.0
2020-03-19,,17.849999999999998,0.0,,8.84,,0.0,0.0
2020-03-20,,29.89,0.2,,46.37,,6.73,0.0
2020-03-21,,53.54,0.2,,62.31,,41.37,0.0
2020-03-22,,23.65,0.0,,27.76,,8.1,0.0
2020-03-23,,0.0,0.2,,0.0,,0.0,0.0
2020-03-24,,0.0,0.0,,0.0,,0.0,0.0
2020-03-25,,0.0,0.2,,0.0,,0.0,0.0
2020-03-26,,0.0,0.0,,0.0,,0.0,0.0
2020-03-27,,0.0,0.0,,0.0,,0.0,0.0
2020-03-28,,0.0,0.2,,0.0,,0.0,0.0
2020-03-29,,0.0,0.0,,0.0,,0.0,0.0
2020-03-30,,0.4,0.2,,0.0,,0.0,0.0
2020-03-31,,0.0,0.0,,0.0,,0.0,
2020-04-01,,2.75,0.0,,12.0,,1.4000000000000001,0.0
2020-04-02,,3.73,0.2,,9.26,,2.37,0.0
2020-04-03,,4.72,0.2,,4.15,,1.0,0.0
2020-04-04,,0.0,0.0,,10.45,,0.2,0.0
2020-04-05,,0.0,0.2,,0.2,,0.0,0.0
2020-04-06,,0.0,0.0,,0.0,,,0.0
2020-04-07,,0.2,0.0,,0.0,,0.0,0.0
2020-04-08,,47.9,0.2,,7.32,,44.96,0.0
2020-04-09,,0.2,0.0,,0.2,,0.0,0.0
2020-04-10,,0.0,0.2,,0.0,,0.2,0.0
2020-04-11,,0.0,0.0,,0.0,,0.0,0.0
2020-04-12,,25.950000000000003,0.0,,15.33,,15.23,0.0
2020-04-13,,0.0,0.2,,0.0,,0.2,0.0
2020-04-14,,0.0,0.2,,0.0,,0.0,0.0
2020-04-15,,46.81,0.0,,8.69,,31.72,0.0
2020-04-16,,,0.0,,4.2,,3.38,0.0
2020-04-17,,0.0,0.2,,0.2,,,0.0
2020-04-18,,0.0,0.0,,3.79,,,0.0
2020-04-19,,0.0,0.0,,0.0,,,0.0
2020-04-20,,0.0,0.4,,0.0,,,0.0
2020-04-21,,0.0,,,0.0,,,0.0
2020-04-22,,0.0,0.2,,,,,0.0
2020-04-23,,0.0,0.0,,0.0,,,0.0
2020-04-24,,0.0,0.0,,0.0,,,0.0
2020-04-25,,0.0,0.0,,0.0,,,0.0
2020-04-26,,,,,,,,0.0
2020-04-27,,,0.0,,,,,0.0
2020-04-28,,0.0,0.0,,0.0,,,0.0
2020-04-29,,0.0,0.0,,0.0,,,0.0
2020-04-30,,0.0,0.0,,0.0,,,0.0
2020-05-01,,0.0,0.0,,0.0,,,0.0
2020-05-02,,0.0,,,0.0,,,0.0
2020-05-03,,0.0,0.0,,0.0,,,0.0
2020-05-04,,0.0,,,0.0,,,0.0
2020-05-05,,0.0,,,0.0,,,0.0
2020-05-06,,0.0,1.8,,0.0,,,0.0
2020-05-07,,,,,,,,
2020-05-08,,,9.4,,0.0,,,0.0
2020-05-09,,,5.800000000000001,,,,,0.0
2020-05-10,,,0.0,,0.0,,,0.0
2020-05-11,,,0.0,,0.0,,,0.0
2020-05-12,,,0.0,,,,,0.0
2020-05-13,,,0.0,,0.0,,,0.0
2020-05-14,,,0.0,,0.0,,,0.0
2020-05-15,,,0.0,,0.8,,,0.0
2020-05-16,,,0.0,,0.2,,,0.0
2020-05-17,,,0.0,,0.0,,,0.0
2020-05-18,,,0.0,,0.0,,,0.0
2020-05-19,,,0.0,,0.0,,,0.0
2020-05-20,,,0.0,,0.0,,,0.0
2020-05-21,,,0.0,,0.0,,,0.0
2020-05-22,,,0.0,,,,,0.0
2020-05-23,,,0.0,,,,,0.0
2020-05-24,,,0.0,,,,,0.0
2020-05-25,,,0.0,,7.53,,,0.0
2020-05-26,,,0.0,,0.0,,,0.0
2020-05-27,,,0.2,,,,,0.0
2020-05-28,,,,,,,,0.0
2020-05-29,,,,,0.0,,,0.0
2020-05-30,,,,,0.0,,,0.0
2020-05-31,0.0,,,,0.0,,,0.0
2020-06-01,0.0,,,,0.0,0.0,0.2,0.0
2020-06-02,0.0,,0.0,,0.0,0.0,0.2,0.0
2020-06-03,0.0,,0.0,,0.0,,0.0,0.0
2020-06-04,,,,,,,0.0,0.0
2020-06-05,0.0,,0.0,0.0,0.0,0.0,0.0,0.0
2020-06-06,,,,,0.0,,0.2,0.0
2020-06-07,,,,,,,0.0,0.0
2020-06-08,,,,0.0,0.0,,0.0,0.0
2020-06-09,,,,,,,0.2,0.0
2020-06-10,,,,,,,0.0,0.0
2020-06-11,,,,,,,0.0,0.0
2020-06-12,0.0,,,0.0,0.0,,0.0,0.0
2020-06-13,,,,0.0,0.0,,0.2,0.0
2020-06-14,0.0,,,0.0,,,0.0,0.0
2020-06-15,0.0,,,0.2,0.0,,0.0,0.0
2020-06-16,0.2,,0.0,1.19,0.0,0.0,,
2020-06-17,,,,,,,0.0,0.0
2020-06-18,,,0.0,,,0.0,0.0,0.0
2020-06-19,0.0,,,0.0,0.0,,0.2,0.0
2020-06-20,,,,2.37,0.0,,0.0,0.2
2020-06-21,,,,,0.0,,0.0,0.0
2020-06-22,,,,0.0,0.0,,0.2,0.0
2020-06-23,,,,0.0,0.0,,0.0,0.0
2020-06-24,,,,,,,0.2,0.0
2020-06-25,0.0,,0.0,0.0,0.0,0.0,0.0,0.0
2020-06-26,,,,0.0,0.0,,0.2,0.0
2020-06-27,0.0,,,0.0,0.0,,0.0,0.0
2020-06-28,0.0,,,0.0,0.0,,0.0,0.0
2020-06-29,0.0,,,0.0,0.0,,0.0,0.0
2020-06-30,,,,,,,0.0,0.0
2020-07-01,0.0,,,0.0,0.0,,0.0,0.0
2020-07-02,0.0,,3.94,0.0,0.0,2.5600000000000005,9.09,0.0
2020-07-03,,,,,,,0.6000000000000001,5.510000000000001
2020-07-04,0.0,,0.0,0.0,0.0,0.0,0.0,0.0
2020-07-05,0.0,,0.2,0.0,0.0,0.0,0.0,0.0
2020-07-06,,,,,,,0.2,0.0
2020-07-07,,,,,,,0.0,0.0
2020-07-08,0.0,,,0.0,0.0,,0.0,0.0
2020-07-09,0.0,,0.0,0.0,0.0,0.0,0.0,0.0
2020-07-10,,,0.0,,0.0,0.0,0.0,0.0
2020-07-11,0.0,,,0.0,0.0,,0.0,0.0
2020-07-12,,,,,,,0.0,0.0
2020-07-13,,,,,,,0.2,0.0
2020-07-14,0.0,,,0.0,0.0,,0.0,0.0
2020-07-15,,,,,,,0.0,0.0
2020-07-16,0.0,,,0.0,0.0,,0.0,0.0
2020-07-17,,,,,,,0.2,0.0
2020-07-18,,,,,,,0.0,0.0
2020-07-19,,,0.0,0.0,0.0,0.0,0.0,0.0
2020-07-20,0.0,,,0.0,0.0,,0.0,0.0
2020-07-21,,,,0.0,0.0,,0.0,0.0
2020-07-22,0.0,,,0.0,0.0,,0.0,0.0
2020-07-23,0.0,,,0.0,0.0,,0.0,0.0
2020-07-24,,,,,,,0.0,0.0
2020-07-25,,,,0.0,0.0,,0.0,0.0
2020-07-26,0.0,,,0.0,0.0,,0.0,0.0
2020-07-27,0.0,,0.0,0.0,0.0,0.0,0.0,0.0
2020-07-28,0.0,,,0.0,0.0,,0.0,0.0
2020-07-29,0.0,,,0.0,0.0,,0.0,0.0
2020-07-30,0.0,,,0.0,0.0,,0.0,0.0
2020-07-31,0.0,,,0.0,0.0,,0.0,0.0
2020-08-01,0.0,,0.0,0.0,0.0,0.0,0.0,0.0
2020-08-02,,,0.0,,,0.0,0.0,0.0
2020-08-03,,,0.0,,0.0,0.0,0.0,0.0
2020-08-04,,,,,,,0.0,0.0
2020-08-05,,,,,0.0,,0.0,0.0
2020-08-06,,,0.0,,,,0.2,0.0
2020-08-07,0.0,,,0.0,0.0,,0.0,0.0
2020-08-08,,,0.0,,,0.0,0.0,0.0
2020-08-09,,,,,,,0.0,0.0
2020-08-10,0.0,,,0.0,0.0,,0.0,0.0
2020-08-11,0.0,,,0.0,0.0,,0.0,0.0
2020-08-12,0.0,,,0.0,0.0,0.0,0.0,0.0
2020-08-13,0.0,,0.0,0.0,0.0,0.0,0.0,0.0
2020-08-14,0.0,,,0.0,0.0,,0.0,0.0
2020-08-15,0.0,,0.0,0.0,0.0,0.0,0.0,0.0
2020-08-16,0.0,,0.0,0.0,0.0,0.0,0.0,0.0
2020-08-17,,,0.0,0.0,0.0,0.0,0.0,0.0
2020-08-18,0.0,,0.0,0.0,0.0,0.0,0.0,0.0
2020-08-19,0.0,,,0.0,0.0,0.0,0.0,0.0
2020-08-20,0.0,,0.0,0.0,0.0,0.0,0.0,0.0
2020-08-21,0.6000000000000001,,,1.97,0.2,,4.5600000000000005,0.4
2020-08-22,,,,,8.74,8.49,16.97,12.89
2020-08-23,0.0,,0.0,0.0,0.2,0.0,0.2,0.0
2020-08-24,0.0,,,0.0,0.0,,0.0,0.0
2020-08-25,,,,0.0,0.0,,0.2,0.0
2020-08-26,0.0,,,0.0,0.0,,0.0,0.0
2020-08-27,0.0,,0.0,0.0,0.0,0.0,0.0,0.0
2020-08-28,,,0.0,0.0,0.0,,0.0,0.0
2020-08-29,0.0,,,0.0,0.0,,0.0,0.0
2020-08-30,0.0,,0.0,0.0,,,0.0,0.0
2020-08-31,0.0,,0.0,0.0,0.0,0.0,0.0,0.0
2020-09-01,0.0,,0.0,0.0,0.0,0.0,0.0,0.0
2020-09-02,0.0,,0.0,0.0,0.0,0.0,0.0,0.0
2020-09-03,0.0,,0.0,0.0,0.0,0.0,0.0,0.0
2020-09-04,0.0,,,0.0,0.0,,0.0,0.0
2020-09-05,,,,0.0,0.0,,0.0,0.0
2020-09-06,,,0.0,0.0,0.0,,0.0,0.0
2020-09-07,,,0.0,0.0,0.0,0.0,0.0,0.0
2020-09-08,0.0,,0.0,0.0,0.0,,0.0,0.0
2020-09-09,0.0,,0.0,0.0,0.0,0.0,0.0,0.0
2020-09-10,,,0.0,,0.0,0.0,0.0,0.0
2020-09-11,,,,,0.0,,0.0,0.0
2020-09-12,,,0.0,,0.0,0.0,0.0,0.0
2020-09-13,0.0,,0.0,0.0,0.0,0.0,0.0,0.0
2020-09-14,,,,0.0,0.0,,0.0,0.0
2020-09-15,,,0.0,0.0,0.0,0.0,0.0,0.0
2020-09-16,,,0.0,0.0,0.0,,0.0,0.0
2020-09-17,0.0,,0.0,0.0,0.0,0.0,0.0,0.0
2020-09-18,,,0.0,0.0,0.0,0.0,0.0,0.0
2020-09-19,0.0,,0.0,0.0,0.0,0.0,0.0,0.0
2020-09-20,4.15,,,2.3600000000000003,,0.0,0.0,4.93
2020-09-21,,,,,,,0.0,0.0
2020-09-22,8.91,,,7.49,3.9600000000000004,3.97,9.27,3.37
2020-09-23,,,,,0.2,,3.55,0.8
2020-09-24,0.0,,,0.0,0.4,0.0,0.0,0.0
2020-09-25,0.0,,0.0,0.0,0.0,0.0,0.0,0.0
2020-09-26,,,0.0,0.0,0.0,0.0,0.0,0.0
2020-09-27,,,0.0,0.0,0.0,0.0,0.42,0.0
2020-09-28,0.0,,,0.0,0.0,0.0,0.0,0.0
2020-09-29,0.0,0.0,0.0,0.0,0.0,0.0,0.0,0.0
2020-09-30,0.0,0.0,,0.0,,0.0,0.0,0.0
2020-10-01,0.0,,0.0,,0.0,0.0,,0.0
2020-10-02,0.0,0.0,0.0,0.0,0.0,,,0.0
2020-10-03,0.0,0.0,0.0,0.0,0.0,0.0,0.0,0.0
2020-10-04,0.0,0.0,0.0,0.0,0.0,0.0,0.0,0.0
2020-10-05,,0.0,0.0,0.0,0.0,0.0,,0.0
2020-10-06,0.0,0.0,,0.0,,,0.0,0.0
2020-10-07,,13.010000000000002,,0.0,0.0,,,0.0
2020-10-08,,0.2,,,0.0,0.0,,0.0
2020-10-09,,0.0,,,0.0,,,0.0
2020-10-10,,1.96,,,3.34,0.0,,0.59
2020-10-11,,,,,,,,0.59
2020-10-12,0.0,0.0,,,0.0,,,0.0
2020-10-13,0.0,0.0,0.0,0.0,0.0,0.0,,0.0
2020-10-14,18.400000000000002,5.1000000000000005,0.0,18.27,6.88,3.55,,29.54
2020-10-15,,,,,,,,
2020-10-16,2.36,0.2,,,0.0,,,0.6000000000000001
2020-10-17,,6.69,,5.51,3.2,,,6.28
2020-10-18,,0.0,0.0,,0.0,0.0,,0.0
2020-10-19,,1.0,0.0,0.4,0.0,,,0.0
2020-10-20,,12.61,8.889999999999999,12.04,11.43,3.0,7.510000000000001,18.3
2020-10-21,10.24,,1.38,13.58,9.120000000000001,0.6000000000000001,,6.73
2020-10-22,0.0,0.0,,0.0,0.0,,,0.0
2020-10-23,,4.15,,0.79,0.2,,,1.19
2020-10-24,16.12,14.21,,16.52,0.8,,11.450000000000001,14.77
2020-10-25,6.13,24.22,,15.030000000000001,24.2,,14.6,13.81
2020-10-26,0.0,0.2,,0.2,14.56,,0.2,0.99
2020-10-27,,1.37,,0.0,0.0,0.0,0.0,0.0
2020-10-28,,0.5900000000000001,0.0,,0.0,0.0,,0.0
2020-10-29,,,,,,,,
2020-10-30,,,0.8,,,0.4,1.3900000000000001,1.18
2020-10-31,12.81,11.84,10.639999999999999,10.850000000000001,6.7,22.02,12.600000000000001,17.13
2020-11-01,,0.0,0.0,1.5899999999999999,,0.0,,0.0
2020-11-02,0.0,0.0,,,,0.0,,0.0
2020-11-03,,4.52,,,2.16,10.23,,2.56
2020-11-04,17.54,11.24,8.840000000000002,,11.98,9.65,,13.8
2020-11-05,0.0,0.0,0.0,0.0,0.0,0.0,,0.0
2020-11-06,0.0,0.0,0.0,0.0,0.0,0.0,0.0,0.0
2020-11-07,0.0,0.0,0.0,0.0,0.0,0.0,0.0,0.0
2020-11-08,0.0,0.0,20.750000000000004,0.0,0.0,0.0,0.0,0.0
2020-11-09,0.0,4.930000000000001,1.19,0.0,0.0,0.0,,0.0
2020-11-10,39.370000000000005,10.85,30.14,4.74,0.2,0.0,,0.6000000000000001
2020-11-11,7.680000000000001,20.16,0.0,0.5900000000000001,,0.2,0.2,0.0
2020-11-12,,,,,,20.51,16.57,13.8
2020-11-13,2.38,12.81,,9.91,,2.38,6.3100000000000005,29.26
2020-11-14,1.6,26.23,,5.31,,0.2,6.8999999999999995,4.140000000000001
2020-11-15,0.0,0.2,0.2,0.0,,0.0,0.2,0.0
2020-11-16,62.49,3.37,33.94,9.260000000000002,,,22.509999999999998,1.3900000000000001
2020-11-17,34.42,0.0,,45.21,,,22.72,0.98
2020-11-18,18.720000000000002,28.369999999999997,,18.68,,7.800000000000001,19.29,29.11
2020-11-19,2.38,1.3900000000000001,5.52,0.6000000000000001,,0.2,7.88,64.91
2020-11-20,0.0,0.79,0.2,0.0,,0.4,1.37,21.060000000000002
2020-11-21,0.0,0.0,0.0,0.0,,0.2,0.0,0.0
2020-11-22,,0.0,0.0,0.0,,0.4,0.0,0.0
2020-11-23,0.0,0.0,0.4,0.0,,0.2,0.0,0.0
2020-11-24,0.0,0.0,0.0,0.0,,0.2,3.7499999999999996,0.0
2020-11-25,0.0,0.0,0.0,0.0,,0.2,0.2,0.0
2020-11-26,0.0,0.0,0.0,0.0,,0.2,0.0,0.0
2020-11-27,0.0,0.0,0.0,0.0,,0.2,0.0,0.0
2020-11-28,0.0,0.0,0.0,0.0,,0.2,0.0,0.0
2020-11-29,0.0,0.0,0.0,0.0,,0.2,0.0,0.0
2020-11-30,0.0,0.0,0.0,0.0,,0.0,0.0,0.0
2020-12-01,0.0,0.0,,0.0,,0.2,0.4,0.0
2020-12-02,0.2,24.25,1.3800000000000001,0.0,,0.2,19.259999999999998,1.97
2020-12-03,0.0,14.56,,0.0,,0.2,5.71,2.7500000000000004
2020-12-04,,0.0,0.4,4.53,,0.2,0.0,5.91
2020-12-05,23.26,1.77,0.98,35.77,,0.0,8.07,0.0
2020-12-06,0.0,4.33,7.090000000000001,0.2,,0.2,6.51,0.0
2020-12-07,23.880000000000003,1.5799999999999998,11.4,26.8,,0.4,12.0,17.02
2020-12-08,1.97,4.92,9.06,3.9400000000000004,,0.2,2.76,0.4
2020-12-09,33.57,107.52999999999999,66.32000000000001,,,0.4,40.17,60.34
2020-12-10,26.58,36.22,17.56,16.23,,0.0,9.26,19.310000000000002
2020-12-11,0.4,0.0,0.2,0.2,,0.2,0.0,0.0
2020-12-12,5.33,10.43,8.290000000000001,12.2,,0.2,62.38,19.1
2020-12-13,0.0,0.0,0.0,0.0,,,0.2,1.5799999999999998
2020-12-14,0.0,0.0,,0.0,,0.2,0.0,0.0
2020-12-15,0.0,0.0,0.0,0.0,,0.2,0.0,0.0
2020-12-16,0.0,0.0,0.0,0.0,,0.2,0.0,0.0
2020-12-17,53.84,5.51,27.51,6.09,,0.2,17.310000000000002,0.98
2020-12-18,6.32,5.52,2.96,26.31,,0.2,4.13,3.35
2020-12-19,6.71,10.85,,4.2,,0.0,9.05,19.89
2020-12-20,18.4,28.0,48.32,5.800000000000001,,0.2,8.08,27.93
2020-12-21,9.05,0.0,0.0,3.8000000000000003,,0.2,0.0,0.0
2020-12-22,24.39,9.860000000000001,53.50000000000001,13.600000000000001,,0.2,15.18,1.59
2020-12-23,13.98,4.550000000000001,11.05,20.64,,0.0,12.0,3.56
2020-12-24,33.01,61.94,20.07,12.01,,0.2,26.38,61.87
2020-12-25,0.6000000000000001,1.6,0.8,14.790000000000001,,0.2,0.6000000000000001,1.18
2020-12-26,7.890000000000001,10.08,12.26,9.06,,0.0,5.35,2.58
2020-12-27,0.0,0.0,11.05,0.0,,0.2,0.0,0.0
2020-12-28,0.0,0.0,0.0,0.0,,0.0,0.0,0.0
2020-12-29,0.0,0.0,0.0,0.0,,0.2,0.0,0.0
2020-12-30,0.0,0.0,0.0,0.0,,0.0,0.0,0.0
2020-12-31,0.0,0.2,0.0,0.0,,0.0,0.0,1.1800000000000002
2021-01-01,24.91,34.410000000000004,11.39,13.35,,0.2,,21.04
2021-01-02,3.35,12.39,12.23,22.62,,0.0,9.44,15.55
2021-01-03,30.15,32.66,22.43,24.42,,0.0,20.86,49.83
2021-01-04,7.87,19.07,13.18,24.39,,0.2,6.5,18.26
2021-01-05,0.0,0.0,0.0,0.2,,0.0,5.7,0.0
2021-01-06,1.5699999999999998,0.8,0.0,0.4,,0.0,0.0,43.46
2021-01-07,33.27,6.890000000000001,19.67,15.35,,0.0,72.36,27.939999999999998
2021-01-08,7.11,3.5900000000000003,5.34,42.27,,0.0,6.5200000000000005,5.71
2021-01-09,4.34,22.2,0.6000000000000001,6.48,,0.0,0.9900000000000001,20.73
2021-01-10,15.57,0.2,29.130000000000003,21.04,,0.0,1.38,0.2
2021-01-11,0.0,0.0,14.209999999999999,2.37,,0.0,0.2,0.0
2021-01-12,8.89,0.0,0.2,1.2000000000000002,,0.0,40.16,18.68
2021-01-13,0.0,0.0,0.0,0.0,,0.0,4.14,0.0
2021-01-14,0.0,0.0,0.0,0.0,,0.0,0.2,0.0
2021-01-15,51.480000000000004,2.7600000000000002,14.020000000000001,33.95,,,14.99,6.89
2021-01-16,3.14,0.2,0.79,31.66,,0.0,0.6000000000000001,0.2
2021-01-17,0.0,0.0,0.0,0.0,,0.0,0.2,0.0
2021-01-18,0.0,0.0,,0.0,,0.0,0.0,0.0
2021-01-19,0.0,0.0,0.0,0.0,,0.0,0.0,0.0
2021-01-20,0.0,0.0,0.0,0.0,,0.0,0.0,0.0
2021-01-21,0.0,0.0,0.0,0.0,,0.0,0.0,0.0
2021-01-22,0.0,0.0,0.0,0.0,,0.0,0.0,0.0
2021-01-23,0.2,0.4,0.0,1.0,,0.0,0.0,1.9900000000000002
2021-01-24,0.0,0.0,0.0,0.0,,0.0,0.0,0.0
2021-01-25,0.0,0.0,,0.0,,0.0,0.0,0.0
2021-01-26,0.0,0.0,0.0,0.0,,,0.0,0.0
2021-01-27,0.0,0.0,,0.0,,0.0,0.0,0.0
2021-01-28,0.0,0.0,,0.0,,0.0,0.0,0.0
2021-01-29,0.0,0.0,0.0,0.0,,0.0,0.0,0.0
2021-01-30,0.0,0.0,0.0,0.0,,0.0,0.0,0.0
2021-01-31,0.0,0.0,0.0,0.0,,0.0,0.0,0.0
2021-02-01,0.0,0.0,1.37,0.0,,0.0,0.4,0.0
2021-02-02,0.0,0.0,0.39,1.37,,,7.68,0.0
2021-02-03,0.0,0.0,0.0,0.0,,,0.0,0.0
2021-02-04,,8.469999999999999,,0.0,,0.0,0.0,0.0
2021-02-05,24.63,44.94,,21.330000000000002,,25.009999999999998,28.080000000000002,64.07
2021-02-06,10.290000000000001,,13.97,10.370000000000001,,13.79,13.78,8.7
2021-02-07,61.99,88.58,67.14,42.9,,107.87,75.91,171.75
2021-02-08,66.7,62.57,1.59,36.57,,,2.58,11.03
2021-02-09,1.37,0.0,19.490000000000002,20.6,,14.76,2.36,0.0
2021-02-10,0.0,0.0,,11.400000000000002,,,0.99,0.0
2021-02-11,15.36,3.5300000000000002,,4.5200000000000005,,6.890000000000001,27.15,5.7
2021-02-12,10.23,28.21,22.06,16.14,,15.780000000000001,30.96,11.61
2021-02-13,0.0,0.0,0.4,0.0,,0.2,0.2,0.0
2021-02-14,49.98,28.11,16.15,26.43,,,37.08,33.46
2021-02-15,0.0,0.0,0.0,7.6000000000000005,,0.0,0.0,0.0
2021-02-16,2.37,0.4,7.880000000000001,1.2000000000000002,,0.0,0.0,2.1799999999999997
2021-02-17,42.36,0.4,6.53,11.200000000000001,,0.0,0.0,31.47
2021-02-18,12.190000000000001,17.31,37.03,12.8,,23.87,30.3,13.2
2021-02-19,7.4,24.99,37.43,12.200000000000001,,35.85,,
2021-02-20,6.0,0.0,0.0,9.200000000000001,,0.0,0.0,0.0
2021-02-21,5.0,2.5700000000000003,6.89,0.6000000000000001,,0.39,3.3499999999999996,0.0
2021-02-22,5.0,,11.65,6.800000000000001,,24.32,11.61,66.28999999999999
2021-02-23,5.800000000000001,14.010000000000002,3.36,7.0,,15.33,9.86,1.58
2021-02-24,5.0,7.2700000000000005,1.19,6.2,,0.2,0.8,0.0
2021-02-25,4.2,0.0,0.2,5.0,,0.0,0.2,0.0
2021-02-26,4.4,3.16,3.56,2.8000000000000003,,1.59,3.55,14.95
2021-02-27,10.600000000000001,4.76,4.15,6.2,,2.0,2.59,1.0
2021-02-28,5.2,0.6000000000000001,0.2,4.800000000000001,,0.99,1.3900000000000001,2.37
2021-03-01,0.0,0.8,,0.4,,0.0,0.0,0.0
2021-03-02,0.0,0.0,0.0,0.0,,,0.0,0.0
2021-03-03,0.0,,0.0,0.0,,0.0,0.0,0.0
2021-03-04,0.0,0.0,,0.0,,,0.0,0.0
2021-03-05,0.0,0.0,0.0,0.0,,0.0,0.0,0.0
2021-03-06,6.699999999999999,4.390000000000001,11.62,3.0,,9.24,14.58,
2021-03-07,5.2,7.000000000000001,,6.4,,10.06,17.37,1.0
2021-03-08,50.84,11.92,26.2,20.17,,27.33,22.05,10.620000000000001
2021-03-09,1.8000000000000003,,13.81,14.400000000000002,,8.469999999999999,8.700000000000001,5.91
2021-03-10,0.4,8.200000000000001,0.5900000000000001,10.0,,0.0,0.0,20.860000000000003
2021-03-11,0.0,1.6,0.0,5.2,,0.0,0.0,0.2
2021-03-12,0.0,0.6000000000000001,0.0,3.4000000000000004,,0.0,0.0,0.0
2021-03-13,0.0,0.6000000000000001,0.0,0.0,,0.0,0.0,7.48
2021-03-14,0.0,0.6000000000000001,0.0,0.0,,0.0,0.0,0.0
2021-03-15,0.0,0.6000000000000001,0.0,0.0,,0.0,0.0,0.0
2021-03-16,0.0,0.4,0.0,0.0,,0.0,0.0,0.0
2021-03-17,0.0,0.4,0.0,0.0,,0.0,0.0,0.0
2021-03-18,0.0,0.4,,0.0,,6.890000000000001,27.23,0.0
2021-03-19,1.97,0.2,,0.6000000000000001,,,3.55,0.0
2021-03-20,0.0,0.4,0.0,0.0,,0.0,0.0,0.0
2021-03-21,0.0,0.2,0.0,0.0,,0.0,,
2021-03-22,0.0,0.0,0.0,0.0,,0.0,,
2021-03-23,,0.0,0.0,0.0,,0.0,,
2021-03-24,0.0,0.0,0.0,0.0,,0.0,,
2021-03-25,0.0,0.0,0.0,0.0,,0.0,,
2021-03-26,0.0,0.0,0.0,0.0,,1.9700000000000002,,
2021-03-27,0.0,1.0,0.0,0.0,,11.8,0.0,0.0
2021-03-28,2.38,1.1800000000000002,15.540000000000001,3.59,,0.99,16.54,0.4
2021-03-29,3.4000000000000004,4.59,1.99,8.4,,24.6,12.6,10.05
2021-03-30,3.8000000000000003,6.54,,5.0,,,0.0,6.69
2021-03-31,0.0,17.07,,4.0,,,0.0,0.2
2021-04-01,0.0,,,3.0,,,0.0,0.0
2021-04-02,0.0,0.0,0.2,1.4000000000000001,,0.0,0.0,0.0
2021-04-03,0.6000000000000001,0.2,0.0,0.4,,0.0,0.0,0.99
2021-04-04,0.6000000000000001,6.52,0.0,4.800000000000001,,0.0,0.0,0.39
2021-04-05,0.0,0.8,0.0,0.6000000000000001,,0.0,0.0,0.0
2021-04-06,0.0,,13.79,,,7.66,15.15,0.0
2021-04-07,1.2000000000000002,0.4,1.3800000000000001,1.0,,,0.4,1.19
2021-04-08,1.6,0.0,0.0,1.2000000000000002,,0.0,0.0,0.0
2021-04-09,1.2000000000000002,0.0,0.0,0.0,,,0.0,0.0
2021-04-10,0.0,0.0,0.0,0.0,,0.0,0.0,0.0
2021-04-11,0.0,0.0,0.0,0.0,,0.0,0.0,0.0
2021-04-12,0.0,0.0,0.0,0.0,,,0.0,0.0
2021-04-13,0.0,0.0,0.0,0.0,,0.0,0.0,0.0
2021-04-14,0.0,0.0,0.0,0.0,,,0.0,0.0
2021-04-15,0.0,0.0,,0.0,,0.0,0.0,0.0
2021-04-16,0.0,0.0,,0.0,,0.0,0.0,0.0
2021-04-17,0.0,0.0,0.0,0.0,,0.0,0.0,0.0
2021-04-18,0.0,0.0,0.0,0.0,,0.0,0.0,0.0
2021-04-19,0.8,0.99,,,,1.39,0.4,0.4
2021-04-20,0.0,0.0,0.0,0.0,,0.0,0.0,0.0
2021-04-21,0.0,0.0,0.0,0.0,,0.0,0.0,0.0
2021-04-22,0.0,0.0,0.0,0.0,,0.0,0.0,0.0
2021-04-23,0.0,0.0,0.0,0.0,,0.0,0.0,0.0
2021-04-24,,0.0,0.0,0.0,,0.0,0.0,0.0
2021-04-25,0.0,0.0,0.0,0.0,,0.0,0.0,0.0
2021-04-26,0.0,0.0,0.0,0.0,,0.0,0.0,0.0
2021-04-27,1.59,0.0,7.08,0.0,0.2,,1.5799999999999998,1.1800000000000002
2021-04-28,0.0,0.0,,0.0,0.0,,4.53,0.0
2021-04-29,0.0,0.0,,0.0,0.0,0.0,0.0,0.0
2021-04-30,0.0,0.0,,0.0,0.0,0.0,0.0,0.0
2021-05-01,0.0,0.0,0.0,0.0,0.0,0.0,0.0,0.0
2021-05-02,0.0,0.0,0.0,0.0,0.0,0.0,0.0,0.0
2021-05-03,0.0,0.0,0.0,0.0,0.0,,0.0,0.0
2021-05-04,0.0,0.0,,0.0,0.0,0.0,0.0,0.0
2021-05-05,0.0,0.0,0.0,0.0,0.0,0.0,0.0,0.0
2021-05-06,0.0,0.0,,0.0,0.0,0.0,0.0,0.0
2021-05-07,0.0,0.0,0.0,0.0,0.0,0.0,0.0,0.0
2021-05-08,0.0,0.0,0.0,0.0,0.0,0.0,0.0,0.0
2021-05-09,0.0,0.0,0.0,0.0,0.0,0.0,0.0,0.0
2021-05-10,0.0,0.0,0.0,0.0,0.0,0.0,0.0,0.0
2021-05-11,0.0,0.0,,0.0,0.0,0.0,0.0,0.0
2021-05-12,0.0,0.0,0.0,0.0,0.0,0.0,0.0,0.0
2021-05-13,0.0,0.0,0.0,0.0,,0.0,0.0,0.0
2021-05-14,0.0,0.0,0.0,0.0,0.0,0.0,0.0,0.0
2021-05-15,0.0,0.0,0.0,0.0,0.0,0.0,0.0,0.0
2021-05-16,0.0,0.0,0.8,0.0,0.0,0.0,0.4,0.79
2021-05-17,,1.0,1.0,1.8,3.74,,0.6000000000000001,5.130000000000001
2021-05-18,0.0,0.0,,0.0,0.0,,0.2,0.0
2021-05-19,0.0,0.0,0.0,0.0,0.0,,0.0,0.0
2021-05-20,0.0,0.0,,0.0,0.0,,0.0,0.0
2021-05-21,0.0,0.0,0.0,0.0,0.0,0.0,0.0,0.0
2021-05-22,0.0,0.0,0.0,0.0,0.0,0.0,0.0,0.0
2021-05-23,0.0,0.0,0.0,0.0,0.0,0.2,0.6000000000000001,0.0
2021-05-24,0.0,0.0,0.0,0.0,0.0,0.0,0.0,
2021-05-25,0.0,0.0,0.0,0.0,0.0,0.0,0.0,0.0
2021-05-26,2.0,0.0,0.0,0.4,0.0,0.0,0.0,0.0
2021-05-27,0.8,0.0,,0.0,0.0,,0.0,0.0
2021-05-28,0.0,0.0,,0.0,0.0,,0.0,0.0
2021-05-29,0.2,0.0,0.0,0.0,0.0,0.0,0.0,0.0
2021-05-30,0.4,0.0,0.0,0.0,0.0,0.0,0.0,0.0
2021-05-31,1.2000000000000002,3.76,25.18,0.8,16.31,2.19,10.61,11.27
2021-06-01,8.8,12.120000000000001,,3.6,0.8,2.2,1.58,0.79
2021-06-02,1.0,1.78,,1.2000000000000002,0.79,1.2000000000000002,0.2,0.0
2021-06-03,0.0,0.2,0.0,0.6000000000000001,0.0,0.8,0.2,0.0
2021-06-04,0.0,0.0,,0.4,0.0,0.8,0.0,0.0
2021-06-05,0.0,0.0,0.0,0.0,0.0,0.4,0.0,0.0
2021-06-06,0.0,0.0,0.0,0.0,0.0,0.4,0.0,0.0
2021-06-07,0.0,0.0,,0.0,0.0,0.2,0.2,0.0
2021-06-08,,0.0,0.0,0.0,0.0,0.0,0.0,
2021-06-09,0.0,0.0,,0.0,0.0,,0.0,0.0
2021-06-10,0.0,0.0,,0.0,0.0,0.0,0.2,0.0
2021-06-11,0.0,0.0,0.0,0.0,0.0,0.0,0.0,0.0
2021-06-12,0.0,0.0,0.0,0.0,0.0,0.0,0.2,0.2
2021-06-13,0.0,0.0,0.0,0.0,0.0,0.0,0.0,0.0
2021-06-14,0.0,0.0,0.0,0.0,0.0,0.0,0.0,0.0
2021-06-15,0.0,0.0,0.0,0.0,0.0,,0.2,0.0
2021-06-16,0.0,0.0,,0.0,0.0,,0.0,0.0
2021-06-17,0.0,0.0,0.0,0.0,0.0,,0.2,0.0
2021-06-18,0.0,0.0,0.0,0.0,0.0,,0.0,0.0
2021-06-19,0.0,0.0,0.0,0.0,0.0,0.0,0.0,0.0
2021-06-20,0.0,0.0,0.0,0.0,,0.0,0.0,0.0
2021-06-21,0.0,0.0,0.0,0.0,0.0,0.0,0.0,0.0
2021-06-22,,,,,,,,
2021-06-23,0.4,0.0,0.0,0.4,0.0,,0.0,0.0
2021-06-24,0.0,0.0,,0.0,0.0,,0.0,0.0
2021-06-25,0.0,0.0,,0.0,0.0,,0.0,0.0
2021-06-26,0.0,0.0,,0.0,0.0,,0.0,0.0
2021-06-27,0.0,0.0,0.0,0.0,0.0,0.0,0.0,0.0
2021-06-28,0.0,0.0,,0.0,0.0,,0.0,0.0
2021-06-29,0.0,0.0,,0.0,0.0,,0.0,0.0
2021-06-30,0.0,0.0,,0.0,0.0,0.0,0.0,0.0
2021-07-01,0.0,0.0,0.0,0.0,0.0,0.0,0.0,0.0
2021-07-02,0.0,0.0,,0.0,0.0,0.0,0.0,0.0
2021-07-03,0.0,0.0,0.0,0.0,0.0,0.0,0.0,0.0
2021-07-04,0.0,0.0,0.0,0.0,0.0,0.0,0.0,0.0
2021-07-05,0.0,0.0,0.0,0.0,0.0,0.0,0.0,0.0
2021-07-06,0.0,0.0,0.0,0.0,0.0,0.0,0.0,0.0
2021-07-07,0.0,0.0,0.0,0.0,0.0,0.0,0.0,0.0
2021-07-08,0.0,0.0,0.0,0.0,0.0,0.0,0.0,0.0
2021-07-09,0.0,0.0,0.0,0.0,0.0,0.0,0.0,0.0
2021-07-10,0.0,0.0,,0.0,0.0,0.0,0.0,0.0
2021-07-11,0.0,0.0,0.0,0.0,0.0,,0.0,0.0
2021-07-12,0.0,0.0,0.0,0.0,0.0,0.0,0.0,0.0
2021-07-13,,0.0,0.0,0.0,,,0.0,0.0
2021-07-14,0.0,0.0,0.0,0.0,0.0,0.0,0.0,0.0
2021-07-15,0.0,0.0,0.0,0.0,0.0,,0.0,0.0
2021-07-16,0.0,0.0,,0.0,0.0,0.0,0.0,0.0
2021-07-17,0.0,0.0,0.0,0.0,0.0,0.0,0.0,0.0
2021-07-18,0.0,0.0,0.0,0.0,0.0,0.0,0.0,0.0
2021-07-19,0.0,0.0,0.0,0.0,0.0,0.0,0.0,0.0
2021-07-20,0.0,0.0,0.0,0.0,0.0,0.0,0.0,0.0
2021-07-21,0.0,0.0,0.0,0.0,0.0,0.0,0.0,0.0
2021-07-22,0.0,0.0,0.0,0.0,0.0,0.0,0.0,0.0
2021-07-23,0.0,0.0,0.0,0.0,0.0,0.0,0.0,0.0
2021-07-24,0.0,0.0,0.0,0.0,0.0,0.0,0.0,0.0
2021-07-25,0.0,0.0,0.0,0.0,0.0,0.0,0.0,0.0
2021-07-26,0.0,0.0,0.0,0.0,0.0,0.0,0.0,0.0
2021-07-27,0.0,0.0,0.0,0.0,0.0,0.0,0.0,0.0
2021-07-28,0.0,0.0,0.0,0.0,0.0,0.0,0.0,0.0
2021-07-29,0.0,,0.0,0.0,0.0,0.0,0.0,0.0
2021-07-30,0.0,0.0,0.0,0.0,0.0,0.0,0.0,0.0
2021-07-31,0.0,0.0,0.0,0.0,0.0,,0.0,0.0
2021-08-01,0.0,0.0,0.0,0.0,0.0,0.0,0.0,0.0
2021-08-02,0.0,0.0,0.0,0.0,0.0,0.0,0.0,0.0
2021-08-03,0.0,0.0,,0.0,0.0,0.0,0.0,0.0
2021-08-04,0.0,0.0,0.0,0.0,0.0,0.0,,0.0
2021-08-05,0.0,0.0,0.0,0.0,0.0,0.0,0.0,0.0
2021-08-06,0.0,0.8,0.0,0.0,0.0,0.0,0.0,0.0
2021-08-07,0.0,0.0,0.0,0.0,0.0,0.0,0.0,0.0
2021-08-08,0.0,0.0,0.0,0.0,0.0,0.0,0.0,0.0
2021-08-09,0.0,0.0,0.0,0.0,0.0,0.0,0.0,0.0
2021-08-10,0.0,0.0,0.0,0.0,0.0,0.0,0.0,0.0
2021-08-11,0.0,0.0,0.0,0.0,0.0,0.0,,
2021-08-12,0.0,0.0,0.0,0.0,0.0,0.0,0.0,0.0
2021-08-13,0.0,0.0,0.0,0.0,0.0,0.0,0.0,0.0
2021-08-14,0.0,0.0,0.0,0.0,0.0,0.0,0.0,0.0
2021-08-15,0.0,0.0,,0.0,0.0,0.0,0.0,0.0
2021-08-16,0.0,0.0,0.0,0.0,0.0,0.0,0.0,0.0
2021-08-17,14.540000000000001,4.390000000000001,11.23,5.2,7.29,0.0,32.09,7.31
2021-08-18,2.8000000000000003,2.4000000000000004,0.0,,0.0,0.4,0.0,0.0
2021-08-19,0.0,0.0,0.0,2.6,0.0,0.4,,0.0
2021-08-20,0.0,0.0,0.0,0.0,0.0,0.4,0.0,0.0
2021-08-21,0.0,0.0,0.0,0.0,0.0,0.2,0.0,0.0
2021-08-22,0.0,0.0,0.0,0.0,0.0,0.2,0.0,0.0
2021-08-23,0.0,,0.0,0.0,0.0,0.2,0.0,0.0
2021-08-24,0.0,0.0,0.0,0.0,0.0,0.2,0.0,0.0
2021-08-25,0.0,0.0,0.0,0.0,,0.2,0.0,0.0
2021-08-26,0.0,0.0,,0.0,0.0,0.2,0.0,0.0
2021-08-27,0.0,0.0,0.0,0.0,0.0,0.2,0.0,0.0
2021-08-28,0.0,0.0,0.0,0.0,0.0,0.2,0.0,0.0
2021-08-29,0.0,0.0,0.0,0.0,0.0,0.2,0.0,0.0
2021-08-30,0.0,0.0,0.0,0.0,0.0,0.0,0.0,0.0
2021-08-31,0.0,0.0,0.0,0.0,0.0,0.0,0.0,0.79
2021-09-01,0.4,0.0,0.0,0.0,2.37,0.0,0.2,0.0
2021-09-02,0.0,0.0,0.0,0.0,0.0,0.0,0.0,0.0
2021-09-03,0.0,0.0,0.0,0.0,0.0,0.0,0.0,0.0
2021-09-04,0.0,0.0,0.0,0.0,0.0,,0.0,0.0
2021-09-05,0.0,0.0,0.0,0.0,0.0,0.0,0.0,0.0
2021-09-06,0.0,0.0,0.0,0.0,0.0,0.0,0.0,0.0
2021-09-07,0.0,0.0,,0.0,0.0,0.0,0.0,0.0
2021-09-08,0.0,0.0,0.0,0.0,0.0,0.0,0.0,0.0
2021-09-09,0.0,0.0,0.0,0.0,,0.0,0.0,0.0
2021-09-10,0.0,0.0,0.0,0.0,0.0,0.0,0.0,0.0
2021-09-11,0.0,0.0,0.0,0.0,0.0,0.0,0.0,0.0
2021-09-12,0.0,0.0,0.0,0.0,0.0,0.0,0.0,0.0
2021-09-13,0.0,0.0,0.0,0.0,0.0,0.0,0.0,0.0
2021-09-14,0.0,0.0,0.0,0.0,0.0,,0.0,0.0
2021-09-15,0.0,0.0,0.0,0.0,0.0,0.0,0.0,0.0
2021-09-16,,0.0,0.0,0.0,0.0,0.0,0.0,0.0
2021-09-17,0.0,0.0,0.0,0.0,0.0,0.0,0.0,0.0
2021-09-18,0.0,0.0,,0.0,0.0,0.0,0.0,0.0
2021-09-19,0.0,0.0,0.0,0.0,0.0,0.0,0.0,0.0
2021-09-20,0.0,0.0,0.0,0.0,0.0,0.0,0.0,0.0
2021-09-21,0.0,0.0,0.0,,0.0,0.0,0.0,0.0
2021-09-22,0.0,0.0,,0.0,0.0,,0.0,0.0
2021-09-23,0.0,0.0,0.0,0.0,0.0,0.0,0.0,0.0
2021-09-24,0.0,0.0,0.0,0.0,0.0,0.0,0.0,0.0
2021-09-25,0.0,0.0,0.0,0.0,0.0,0.0,0.0,0.0
2021-09-26,0.0,1.59,2.37,0.0,0.0,0.0,0.0,0.0
2021-09-27,7.09,0.4,32.75,1.4000000000000001,2.38,0.2,10.64,1.38
2021-09-28,14.200000000000001,2.2,0.2,7.000000000000001,0.0,0.2,0.4,0.2
2021-09-29,0.6000000000000001,0.6000000000000001,10.61,1.8,6.1,0.0,2.55,0.98
2021-09-30,6.2,1.8,5.699999999999999,2.2,2.56,0.2,7.300000000000001,2.18
2021-10-01,0.0,,,,0.0,,0.0,0.0
2021-10-02,10.4,1.0,,3.8000000000000003,38.47,,33.14,40.25
2021-10-03,7.4,1.0,,16.0,2.5900000000000003,,15.000000000000002,5.73
2021-10-04,3.0,1.0,,3.4000000000000004,0.0,,4.4,0.0
2021-10-05,0.8,0.6000000000000001,,1.0,0.0,,0.4,1.8
2021-10-06,1.8,0.4,,3.6,,,0.0,0.0
2021-10-07,4.4,0.6000000000000001,,2.2,6.32,,9.879999999999999,1.4000000000000001
2021-10-08,3.6,0.4,,5.4,0.0,,0.0,0.0
2021-10-09,0.8,0.0,0.0,0.0,0.0,0.2,0.0,0.0
2021-10-10,4.2,1.8000000000000003,11.97,15.200000000000001,20.060000000000002,0.2,11.59,17.57
2021-10-11,4.2,0.4,29.470000000000002,19.200000000000003,27.6,0.2,30.25,18.35
2021-10-12,4.2,0.6000000000000001,13.950000000000001,11.200000000000001,0.8,0.4,17.35,17.32
2021-10-13,3.8000000000000003,0.4,0.0,1.2000000000000002,0.0,0.2,0.2,0.0
2021-10-14,3.8000000000000003,0.6000000000000001,0.0,0.0,0.0,0.2,0.0,0.0
2021-10-15,2.8000000000000003,0.6000000000000001,2.1700000000000004,0.4,0.0,0.0,1.2000000000000002,1.0
2021-10-16,0.4,0.6000000000000001,1.9700000000000002,0.0,0.0,0.2,0.4,1.6
2021-10-17,1.2000000000000002,0.6000000000000001,15.15,1.0,8.08,0.2,0.0,10.57
2021-10-18,,,,,,,,
2021-10-19,8.4,0.8,35.6,6.6000000000000005,26.189999999999998,0.2,32.1,50.54
2021-10-20,6.800000000000001,0.6000000000000001,20.2,7.800000000000001,26.830000000000002,0.2,32.470000000000006,29.48
2021-10-21,6.6000000000000005,0.4,15.200000000000001,7.800000000000001,0.0,0.0,0.0,0.6000000000000001
2021-10-22,6.0,0.6000000000000001,8.4,11.4,0.0,0.2,0.0,0.0
2021-10-23,5.6000000000000005,0.4,2.2,8.4,0.0,0.0,0.0,0.0
2021-10-24,5.0,0.6000000000000001,4.99,7.4,0.79,0.2,3.95,0.0
2021-10-25,10.600000000000001,0.6000000000000001,1.8000000000000003,3.0,1.3900000000000001,0.0,0.99,1.0
2021-10-26,0.8,0.4,10.709999999999999,2.0,,0.2,18.31,0.0
2021-10-27,0.0,,6.59,1.2000000000000002,10.81,0.0,0.4,0.0
2021-10-28,,0.4,,,,,,0.0
2021-10-29,,13.080000000000002,0.0,0.0,0.0,0.2,0.0,0.0
2021-10-30,,0.0,0.0,0.0,0.0,0.0,,0.0
2021-10-31,0.0,0.0,0.8,0.0,0.0,0.0,31.09,0.0
2021-11-01,6.0,83.39,22.130000000000003,8.0,75.39,0.0,49.01,34.22
2021-11-02,8.6,1.18,37.410000000000004,14.4,1.18,,2.97,32.34
2021-11-03,9.600000000000001,0.0,6.800000000000001,4.0,0.0,0.0,0.0,0.0
2021-11-04,23.14,0.0,0.0,2.6,0.0,0.0,0.0,0.0
2021-11-05,5.19,0.0,0.0,1.6,0.0,0.0,0.0,0.0
2021-11-06,0.0,0.0,0.0,,0.0,0.2,0.0,0.0
2021-11-07,15.169999999999998,9.85,8.26,0.8,1.3800000000000001,0.0,31.1,1.78
2021-11-08,0.79,3.16,17.55,4.800000000000001,3.9400000000000004,0.0,6.14,2.79
2021-11-09,22.04,1.1900000000000002,31.71,8.600000000000001,4.34,0.0,8.39,4.19
2021-11-10,0.0,0.0,1.8,2.0,1.7699999999999998,0.2,0.2,5.3
2021-11-11,40.18,37.510000000000005,14.200000000000001,9.4,37.84,0.0,4.2,38.89
2021-11-12,21.68,28.21,15.8,7.4,8.120000000000001,0.0,4.2,10.34
2021-11-13,0.0,0.0,9.8,4.0,0.0,0.0,1.6,0.0
2021-11-14,0.0,0.0,3.0,5.8,0.0,0.0,1.0,0.0
2021-11-15,0.0,0.0,0.0,13.400000000000002,0.0,0.0,0.8,0.0
2021-11-16,0.0,0.0,0.0,0.0,,0.0,0.4,0.0
2021-11-17,0.0,0.0,0.0,0.0,0.0,0.2,,0.0
2021-11-18,0.4,0.0,18.41,1.4000000000000001,0.2,0.0,0.4,0.5900000000000001
2021-11-19,4.35,10.840000000000002,16.18,12.8,13.41,0.0,0.2,13.389999999999999
2021-11-20,28.990000000000002,15.82,14.27,13.8,41.17,0.0,0.4,
2021-11-21,5.7299999999999995,14.22,11.58,15.590000000000002,11.43,0.2,0.2,8.67
2021-11-22,0.0,0.2,1.8,6.2,0.2,0.0,0.2,0.0
2021-11-23,,0.0,0.0,3.0,0.0,0.2,0.2,0.0
2021-11-24,0.0,0.0,0.0,2.0,0.0,0.0,0.2,0.0
2021-11-25,0.0,0.0,0.0,0.0,0.0,0.0,,0.0
2021-11-26,,0.0,0.0,0.0,0.0,0.0,,0.0
2021-11-27,37.37,32.5,45.6,22.45,33.75,0.2,,21.860000000000003
2021-11-28,0.0,0.0,0.0,0.4,0.6000000000000001,0.0,,0.0
2021-11-29,0.0,0.0,0.0,0.0,0.0,0.2,,0.0
2021-11-30,34.04,52.57,9.82,12.990000000000002,7.87,6.5,,41.910000000000004
2021-12-01,11.64,23.29,17.330000000000002,11.24,24.240000000000002,7.12,,13.0
2021-12-02,0.9900000000000001,6.58,0.0,0.2,0.6000000000000001,0.0,,0.79
2021-12-03,9.45,12.24,0.0,27.520000000000003,9.86,2.36,,49.400000000000006
2021-12-04,0.0,10.98,0.0,0.0,0.0,0.0,,0.0
2021-12-05,0.0,0.0,3.1500000000000004,0.0,0.0,0.0,,0.0
2021-12-06,115.97,48.34,53.89,104.59,90.47,47.03,,95.84
2021-12-07,3.75,20.7,6.1000000000000005,4.93,,,,7.109999999999999
2021-12-08,16.75,7.4,21.25,16.14,16.34,14.99,,10.46
2021-12-09,0.0,13.200000000000001,0.0,0.0,0.0,0.0,,
2021-12-10,0.0,0.0,0.0,0.0,0.0,0.0,,0.0
2021-12-11,0.0,0.0,0.0,,0.0,0.0,,0.0
2021-12-12,0.0,0.0,0.0,0.0,2.56,0.2,,1.38
2021-12-13,26.21,39.38,50.370000000000005,22.88,26.95,8.98,,27.580000000000002
2021-12-14,0.5900000000000001,4.0,0.0,,0.2,1.2000000000000002,,0.0
2021-12-15,37.160000000000004,0.8,20.23,19.700000000000003,22.1,1.2000000000000002,,51.78
2021-12-16,0.2,0.6000000000000001,0.4,0.6000000000000001,9.0,1.0,,18.72
2021-12-17,12.49,0.4,18.03,10.74,,0.8,,4.800000000000001
2021-12-18,0.0,3.4000000000000004,3.1500000000000004,0.0,4.800000000000001,0.8,,0.0
2021-12-19,0.99,3.8000000000000003,0.0,0.0,2.2,0.6000000000000001,,0.0
2021-12-20,0.0,2.6,,0.0,0.0,0.6000000000000001,,0.0
2021-12-21,0.0,1.6,0.0,0.0,0.0,0.6000000000000001,,0.0
2021-12-22,0.0,0.4,0.0,0.0,0.0,0.6000000000000001,,0.0
2021-12-23,12.729999999999999,0.2,12.59,11.43,5.73,0.4,,18.98
2021-12-24,0.99,0.2,0.0,0.2,5.6000000000000005,0.4,,0.2
2021-12-25,0.0,0.4,0.0,0.0,0.4,0.2,,0.0
2021-12-26,1.19,0.2,0.0,2.3600000000000003,0.0,0.4,,0.0
2021-12-27,0.0,0.2,0.0,0.0,0.0,0.2,,0.0
2021-12-28,51.94,0.0,2.17,4.13,24.91,0.2,,2.96
2021-12-29,8.46,0.4,0.4,12.39,31.95,0.2,,6.1
2021-12-30,25.650000000000002,0.2,50.39,15.58,3.4000000000000004,0.2,,23.88
2021-12-31,18.64,0.4,9.31,26.73,15.000000000000002,0.0,,27.08
2022-01-01,15.8,0.4,10.13,19.7,27.16,0.2,,27.78
2022-01-02,11.44,0.4,9.88,12.05,32.6,0.2,,10.28
2022-01-03,23.3,0.6000000000000001,36.02,14.43,25.970000000000002,0.2,,14.190000000000001
2022-01-04,3.35,5.67,1.78,5.71,15.5,0.0,,15.32
2022-01-05,9.84,5.529999999999999,,13.86,,0.2,,7.699999999999999
2022-01-06,11.51,61.62,,10.86,32.28,0.0,,15.780000000000001
2022-01-07,30.62,33.92,,35.04,49.09,0.2,,29.55
2022-01-08,67.8,149.15,203.36,141.97,58.769999999999996,0.2,,75.82
2022-01-09,103.49,102.46000000000001,,97.18,89.31,0.0,,105.88000000000001
2022-01-10,59.370000000000005,49.5,,45.86,47.63,0.2,,33.46
2022-01-11,49.64,35.64,,60.269999999999996,35.83,0.2,,10.69
2022-01-12,33.28,6.71,,2.96,32.64,0.0,,3.9400000000000004
2022-01-13,14.000000000000002,0.0,,5.3500000000000005,3.4000000000000004,0.2,,0.4
2022-01-14,1.0,0.0,0.0,0.0,0.0,0.2,,0.0
2022-01-15,3.98,0.0,,7.470000000000001,0.0,0.0,,0.0
2022-01-16,2.0,0.0,0.2,0.0,0.0,0.2,,0.4
2022-01-17,0.2,0.0,,0.0,0.0,0.0,,0.0
2022-01-18,0.0,0.0,,2.56,0.0,0.2,,0.0
2022-01-19,0.0,0.0,,0.0,,0.0,,0.0
2022-01-20,5.12,0.0,,38.11,0.8,0.2,,7.67
2022-01-21,14.040000000000001,3.94,,0.0,2.77,0.0,,0.79
2022-01-22,1.4000000000000001,0.0,0.0,0.0,0.0,0.0,,0.0
2022-01-23,0.0,,0.0,0.0,,0.0,,0.0
2022-01-24,0.0,0.0,0.0,0.0,0.0,0.0,,0.0
2022-01-25,,0.0,0.0,,0.0,0.0,,0.0
2022-01-26,0.0,0.0,,0.0,0.0,0.0,,0.0
2022-01-27,,0.0,0.0,0.0,0.0,,,0.0
2022-01-28,1.2000000000000002,0.0,0.0,15.74,1.7799999999999998,0.0,,0.0
2022-01-29,1.4000000000000001,26.32,,16.47,7.98,0.0,,3.36
2022-01-30,8.97,31.009999999999998,,6.51,5.6000000000000005,0.0,,9.23
2022-01-31,9.200000000000001,,,10.440000000000001,16.6,0.0,,29.33
2022-02-01,6.000000000000001,0.5900000000000001,,1.38,,0.0,,5.880000000000001
2022-02-02,0.2,5.3100000000000005,,0.0,,0.0,,1.2000000000000002
2022-02-03,1.4000000000000001,19.159999999999997,,0.0,,0.0,,5.15
2022-02-04,,0.0,,4.93,,0.0,,14.379999999999999
2022-02-05,3.4000000000000004,17.16,7.6899999999999995,20.49,,0.0,,9.27
2022-02-06,12.82,,,28.36,,0.0,,18.71
2022-02-07,9.48,5.93,,30.3,,0.0,,32.56
2022-02-08,30.21,10.46,,14.23,,0.0,,16.99
2022-02-09,8.57,,,15.18,,0.2,,25.39
2022-02-10,9.57,22.66,,17.17,,0.0,,19.33
2022-02-11,24.06,29.94,,19.32,,0.0,,20.89
2022-02-12,13.940000000000001,15.18,,15.42,,0.0,,25.63
2022-02-13,0.6000000000000001,0.2,0.0,0.0,,0.0,,2.96
2022-02-14,0.0,0.0,0.0,0.0,0.0,0.0,,0.0
2022-02-15,19.900000000000002,40.089999999999996,,19.09,,0.0,,15.53
2022-02-16,,5.53,,1.78,,0.0,,
2022-02-17,1.4000000000000001,1.0,,3.15,,0.0,,2.5599999999999996
2022-02-18,23.650000000000002,18.34,,20.28,,0.0,,23.0
2022-02-19,1.8,0.0,,0.2,,0.0,,0.0
2022-02-20,10.39,39.59,,9.86,,0.0,,38.449999999999996
2022-02-21,5.99,54.57,,14.0,,0.0,,2.5900000000000003
2022-02-22,20.35,7.9,,3.9499999999999997,5.7,0.0,,0.99
2022-02-23,5.75,0.2,0.2,0.0,0.0,0.0,,0.0
2022-02-24,0.0,0.0,0.0,6.5,,0.0,,
2022-02-25,0.0,0.0,0.0,0.0,0.0,0.0,,0.0
2022-02-26,0.0,0.0,0.0,0.0,0.0,0.0,,0.0
2022-02-27,,0.0,0.4,0.0,0.0,0.0,,0.0
2022-02-28,3.2,0.0,,,0.0,0.0,,0.0
2022-03-01,0.0,0.0,0.0,0.0,0.0,0.0,,0.0
2022-03-02,0.0,0.0,0.0,0.0,0.0,0.0,,0.0
2022-03-03,0.0,0.0,0.0,0.0,0.0,0.0,,0.0
2022-03-04,1.0,0.0,0.0,0.0,0.0,0.0,,0.0
2022-03-05,1.0,0.0,0.0,0.0,0.0,0.0,,0.0
2022-03-06,0.0,0.0,0.0,0.0,0.0,0.0,,0.0
2022-03-07,0.0,0.0,0.0,0.0,0.0,0.0,,0.0
2022-03-08,0.0,0.0,0.0,0.0,0.0,0.0,,0.0
2022-03-09,2.38,0.0,1.77,0.6000000000000001,0.0,0.0,,0.0
2022-03-10,3.6000000000000005,0.0,0.0,0.0,0.0,0.0,,0.0
2022-03-11,0.0,0.0,0.0,0.0,0.0,0.0,,0.0
2022-03-12,0.0,3.35,0.0,0.0,,0.0,,0.0
2022-03-13,1.0,0.2,24.619999999999997,0.0,0.0,0.0,,0.0
2022-03-14,0.4,0.0,0.0,0.0,0.0,0.0,,0.0
2022-03-15,0.0,0.0,0.0,0.0,0.0,0.0,,0.0
2022-03-16,0.0,0.0,0.0,0.0,0.0,0.0,,0.0
2022-03-17,0.0,0.0,0.0,0.0,0.0,0.0,,0.0
2022-03-18,0.0,0.0,0.0,0.0,0.0,0.0,,0.0
2022-03-19,0.0,0.0,0.0,0.0,0.0,0.0,,0.0
2022-03-20,0.0,0.0,0.0,0.0,0.0,0.0,,0.0
2022-03-21,0.8,5.15,2.0,1.0,,0.0,,4.33
2022-03-22,0.0,0.0,0.0,0.0,0.0,0.0,,0.0
2022-03-23,0.0,0.0,0.0,0.0,0.0,0.0,,0.0
2022-03-24,0.0,0.0,0.0,0.0,0.0,0.0,,0.0
2022-03-25,0.0,0.0,0.0,0.0,0.0,0.0,,0.0
2022-03-26,0.0,0.0,,0.0,0.0,0.0,,0.0
2022-03-27,0.0,0.0,0.0,0.0,0.0,0.0,,0.0
2022-03-28,0.0,0.0,,0.0,0.0,0.0,,0.0
2022-03-29,0.0,0.0,,0.0,0.0,0.0,,0.0
2022-03-30,,0.0,,0.0,0.0,0.0,,0.0
2022-03-31,0.0,0.0,0.0,0.0,0.0,0.0,,0.0
2022-04-01,0.0,0.6000000000000001,,0.0,5.590000000000001,0.0,,7.09
2022-04-02,0.0,1.7799999999999998,,0.4,2.4000000000000004,0.0,,10.84
2022-04-03,0.0,8.65,0.4,0.0,0.8,0.0,,0.0
2022-04-04,0.0,0.0,0.0,0.0,0.6000000000000001,0.0,,0.0
2022-04-05,0.0,0.0,9.06,0.0,0.6000000000000001,0.0,,0.0
2022-04-06,0.0,0.0,,,0.4,0.0,,0.0
2022-04-07,0.79,0.0,0.0,9.25,0.4,0.0,,0.0
2022-04-08,11.14,0.0,0.0,1.77,0.4,0.0,,0.0
2022-04-09,,,,,,,,0.6000000000000001
2022-04-10,,,,,,,,0.0
2022-04-11,,,,,,,,0.0
2022-04-12,,,,,,,,0.0
2022-04-13,,,,,,,,5.91
2022-04-14,0.2,9.49,12.26,,2.18,0.0,,2.17
2022-04-15,0.0,0.2,0.2,0.0,0.4,0.0,,0.0
2022-04-16,0.0,0.0,0.0,0.0,0.2,0.0,,0.0
2022-04-17,0.0,0.0,0.0,0.0,0.2,0.0,,0.0
2022-04-18,0.0,0.0,0.0,0.0,0.2,0.0,,0.0
2022-04-19,,0.0,0.0,0.0,0.0,0.0,,0.0
2022-04-20,0.0,0.0,0.0,0.0,0.0,0.0,,0.0
2022-04-21,0.0,0.0,0.0,0.0,0.0,0.0,,0.0
2022-04-22,0.0,0.0,,0.0,0.0,0.0,,0.0
2022-04-23,0.0,0.0,0.0,0.0,0.0,0.0,,0.0
2022-04-24,0.0,0.0,0.0,0.0,0.0,0.0,,0.0
2022-04-25,0.6000000000000001,4.33,3.9499999999999997,0.2,7.86,0.0,,0.6000000000000001
2022-04-26,0.0,0.0,0.0,0.0,0.0,0.0,,0.0
2022-04-27,0.0,0.0,0.0,0.0,0.0,0.0,,0.0
2022-04-28,0.0,0.0,0.0,0.0,0.0,0.0,,0.0
2022-04-29,0.0,1.78,0.0,0.0,0.0,0.0,,0.0
2022-04-30,0.0,0.0,0.0,0.0,0.0,0.0,,0.0
2022-05-01,0.0,0.0,0.0,0.0,0.0,0.0,,0.0
2022-05-02,0.0,0.0,0.0,0.0,0.0,0.0,,0.0
2022-05-03,0.0,0.0,0.0,0.0,0.0,0.0,,0.0
2022-05-04,0.8,4.34,14.97,7.86,2.58,,,6.5
2022-05-05,26.53,44.260000000000005,30.23,51.190000000000005,4.0,15.68,,59.04
2022-05-06,10.200000000000001,,0.0,,,3.6,,0.0
2022-05-07,10.600000000000001,0.0,4.720000000000001,0.0,0.8,1.0,,0.0
2022-05-08,3.8000000000000003,0.0,0.2,0.0,,1.0,,0.0
2022-05-09,0.0,0.0,0.0,0.0,0.6000000000000001,4.2,,
2022-05-10,0.0,,0.0,,,3.6,,0.0
2022-05-11,0.0,,0.0,,0.4,0.4,,0.0
2022-05-12,0.0,0.0,0.0,0.0,,0.0,,0.0
2022-05-13,0.0,,0.0,0.0,0.2,0.0,,0.0
2022-05-14,0.0,0.0,0.0,0.0,0.2,0.0,,0.0
2022-05-15,0.4,0.0,0.6000000000000001,0.0,0.4,0.0,,0.0
2022-05-16,0.8,2.2,4.75,7.29,0.2,0.6000000000000001,,0.0
2022-05-17,3.4000000000000004,,2.77,,,1.4000000000000001,,3.39
2022-05-18,,,0.0,,,0.0,,0.0
2022-05-19,,,0.0,,,0.0,,0.0
2022-05-20,,,0.0,,,0.0,,0.0
2022-05-21,,,,,,0.0,,0.0
2022-05-22,0.0,0.0,0.0,0.0,0.2,0.0,,0.0
2022-05-23,0.0,0.0,0.0,,0.0,0.0,,0.0
2022-05-24,,,0.0,0.0,,0.0,,0.0
2022-05-25,0.0,,0.0,0.0,0.0,0.0,,0.0
2022-05-26,,,0.0,,0.0,0.0,,0.0
2022-05-27,,0.0,0.0,0.0,0.0,0.0,,0.0
2022-05-28,0.0,0.0,0.0,0.0,,0.0,,0.0
2022-05-29,0.0,0.0,0.0,0.0,0.0,0.0,,0.0
2022-05-30,0.0,0.0,0.0,0.0,,0.0,,0.0
2022-05-31,0.0,0.0,0.0,,,0.0,,0.0
2022-06-01,0.0,,0.0,0.0,,0.0,,0.0
2022-06-02,0.0,0.0,0.0,0.0,0.0,0.0,,0.0
2022-06-03,0.0,0.0,0.0,,0.0,0.0,,0.0
2022-06-04,,,0.0,,0.0,0.0,,0.0
2022-06-05,0.0,0.0,0.0,0.0,,0.0,,0.0
2022-06-06,0.0,0.0,,0.0,0.0,0.0,,0.0
2022-06-07,0.0,0.0,0.0,,,0.0,,0.0
2022-06-08,0.0,0.0,0.0,,,0.0,,0.0
2022-06-09,0.0,0.0,0.0,,,0.0,,0.0
2022-06-10,0.0,,0.0,,,0.0,,0.0
2022-06-11,0.0,0.0,0.0,,0.0,0.0,,0.0
2022-06-12,0.0,0.0,0.0,0.0,0.0,0.0,,0.0
2022-06-13,,0.0,0.0,0.0,0.0,0.0,,0.0
2022-06-14,0.0,0.0,,0.0,,0.0,,0.0
2022-06-15,0.0,0.0,0.0,,0.0,0.0,,0.0
2022-06-16,0.0,0.0,0.0,0.0,0.0,0.0,,0.0
2022-06-17,0.0,0.0,0.0,0.0,,0.0,,0.0
2022-06-18,0.0,0.0,0.0,,,0.0,,0.0
2022-06-19,0.0,0.0,0.0,0.0,0.0,0.0,,0.0
2022-06-20,0.0,0.0,0.0,0.0,0.0,0.0,,0.0
2022-06-21,0.0,0.0,0.0,,0.0,0.0,,0.0
2022-06-22,0.0,0.0,0.0,0.0,,0.0,,0.0
2022-06-23,0.0,0.0,0.0,,0.0,0.0,,0.0
2022-06-24,,,,,,,,
2022-06-25,,,,,,,,
2022-06-26,,,,,,,,
2022-06-27,0.0,0.0,0.0,0.0,0.0,0.0,,0.0
2022-06-28,0.0,0.0,0.0,,,0.0,,0.0
2022-06-29,0.0,0.0,0.0,,,0.0,,0.0
2022-06-30,0.0,0.0,0.0,,0.0,0.0,,0.0
2022-07-01,0.0,0.0,0.0,,,0.0,,0.0
2022-07-02,0.0,0.0,0.0,0.0,0.0,0.0,,0.0
2022-07-03,0.0,0.0,0.0,0.0,0.0,0.0,,0.0
2022-07-04,0.0,0.0,0.0,0.0,0.0,0.0,,0.0
2022-07-05,0.0,0.0,0.0,0.0,0.0,0.0,,0.0
2022-07-06,0.0,0.0,0.0,0.0,0.0,0.0,,0.0
2022-07-07,0.0,0.0,0.0,0.0,0.0,0.0,,0.0
2022-07-08,0.0,0.0,0.0,0.0,,0.0,,0.0
2022-07-09,0.0,0.0,0.0,0.0,0.0,,,0.0
2022-07-10,,,,,,,,
2022-07-11,,,,,,,,
2022-07-12,0.0,0.0,0.0,0.0,0.0,0.0,,0.0
2022-07-13,0.0,0.0,0.0,0.0,0.0,0.0,,0.0
2022-07-14,0.0,0.0,0.0,0.0,0.0,0.0,,0.0
2022-07-15,0.0,0.0,0.0,0.0,0.0,0.0,,0.0
2022-07-16,0.0,0.0,0.0,0.0,0.0,0.0,,0.0
2022-07-17,0.0,0.0,0.0,0.0,0.0,0.0,,0.0
2022-07-18,0.0,0.0,0.0,0.0,0.0,0.0,,0.0
2022-07-19,0.0,,0.0,0.0,0.0,0.0,,0.0
2022-07-20,0.0,0.0,0.0,0.0,0.0,0.0,,0.0
2022-07-21,0.0,0.0,0.0,0.0,0.0,0.0,,0.0
2022-07-22,0.0,0.0,0.0,0.0,0.0,0.0,,0.0
2022-07-23,0.0,0.0,0.0,0.0,0.0,0.0,,0.0
2022-07-24,0.0,0.0,0.0,0.0,0.0,0.0,,0.0
2022-07-25,0.0,,0.0,0.0,0.0,0.0,,0.0
2022-07-26,0.0,0.0,0.0,0.0,0.0,0.0,,0.0
2022-07-27,0.0,0.0,0.0,,0.0,0.0,,0.0
2022-07-28,0.0,0.0,0.0,0.0,0.0,0.0,,0.0
2022-07-29,,,0.0,,,,,0.0
2022-07-30,,,,,,,,
2022-07-31,0.0,0.0,0.0,0.0,0.0,0.0,,0.0
2022-08-01,0.0,0.0,0.0,0.0,0.0,0.0,,0.0
2022-08-02,0.0,0.0,0.0,,0.0,0.0,,0.0
2022-08-03,0.0,,0.0,0.0,0.0,0.0,,0.0
2022-08-04,0.0,0.0,0.0,0.0,0.0,0.0,,0.0
2022-08-05,0.0,0.0,0.0,0.0,,0.0,,0.0
2022-08-06,0.0,0.0,0.0,0.0,0.0,0.0,,0.0
2022-08-07,0.0,0.0,0.0,0.0,0.0,0.0,,0.0
2022-08-08,0.0,0.0,0.0,0.0,0.0,0.0,,0.0
2022-08-09,0.0,1.0,0.0,0.0,1.6,0.0,,0.0
2022-08-10,0.0,1.2000000000000002,0.0,0.0,4.2,0.0,,0.0
2022-08-11,0.0,0.0,0.0,0.0,,0.0,,0.0
2022-08-12,0.0,0.0,,0.0,0.0,0.0,,0.0
2022-08-13,,0.0,0.0,0.0,0.0,0.0,,0.0
2022-08-14,0.0,,,0.0,0.0,0.0,,0.0
2022-08-15,0.0,0.0,0.0,0.0,0.0,0.0,,0.0
2022-08-16,0.0,0.0,0.0,0.0,0.0,0.0,,0.0
2022-08-17,0.0,0.0,0.0,0.0,0.0,0.0,,0.0
2022-08-18,0.0,0.0,0.0,0.0,0.0,0.0,,0.0
2022-08-19,0.0,0.0,0.0,0.0,0.0,0.0,,0.0
2022-08-20,0.0,0.0,0.0,0.0,0.0,0.0,,0.0
2022-08-21,0.0,0.0,0.0,0.0,0.0,0.0,,0.0
2022-08-22,0.0,0.0,0.0,0.0,0.0,0.0,,0.0
2022-08-23,0.0,0.0,0.0,0.0,,0.0,,0.0
2022-08-24,0.0,0.0,,0.0,0.0,0.0,,0.0
2022-08-25,0.0,0.0,0.0,0.0,0.0,0.0,,0.0
2022-08-26,0.0,0.0,0.0,0.0,0.0,0.0,,0.0
2022-08-27,0.0,0.0,0.0,0.0,0.0,0.0,,0.0
2022-08-28,0.0,0.0,0.0,0.0,0.0,0.0,,0.0
2022-08-29,0.0,0.0,0.0,0.0,0.0,0.0,,0.0
2022-08-30,0.0,,0.0,0.0,0.0,0.0,,0.0
2022-08-31,,,,,,,,
2022-09-01,0.0,0.0,0.0,0.0,0.0,0.0,,0.0
2022-09-02,0.4,0.0,0.0,,0.0,0.0,,0.0
2022-09-03,0.0,0.0,0.0,0.0,0.0,0.0,,0.0
2022-09-04,0.0,0.0,0.0,0.0,0.0,0.0,,0.0
2022-09-05,0.0,0.0,0.0,0.0,0.0,0.0,,0.0
2022-09-06,0.0,0.0,0.0,0.0,0.0,0.0,,0.0
2022-09-07,0.0,0.0,0.0,0.0,0.0,0.0,,0.0
2022-09-08,,0.0,0.0,0.0,0.0,0.0,,0.0
2022-09-09,0.0,0.2,0.0,0.0,0.0,0.0,,0.0
2022-09-10,0.0,0.0,0.0,0.0,0.0,0.0,,0.0
2022-09-11,0.0,,0.0,0.0,0.0,0.0,,0.0
2022-09-12,0.0,0.0,0.0,0.0,0.0,0.0,,0.0
2022-09-13,0.0,0.0,0.0,0.0,0.0,0.0,,0.0
2022-09-14,0.0,0.0,0.0,0.0,0.0,0.0,,0.0
2022-09-15,0.0,0.0,0.0,0.0,0.0,0.0,,0.0
2022-09-16,,,0.0,,0.4,0.0,,0.2
2022-09-17,0.0,0.0,0.0,0.0,0.2,1.3800000000000001,,1.4000000000000001
2022-09-18,0.0,0.0,0.0,0.0,0.0,0.0,,0.0
2022-09-19,0.0,0.0,0.0,0.0,0.0,0.0,,0.0
2022-09-20,0.0,0.0,0.0,0.0,0.0,0.0,,0.0
2022-09-21,0.99,0.99,0.0,0.98,2.7700000000000005,0.0,,6.31
2022-09-22,,19.29,8.48,7.49,,11.030000000000001,,6.4
2022-09-23,0.0,0.0,0.0,0.0,0.4,0.0,,2.8000000000000003
2022-09-24,0.0,0.0,0.0,0.0,0.2,0.0,,
2022-09-25,0.0,0.0,0.0,0.0,0.0,0.0,,1.0
2022-09-26,0.0,0.0,0.0,0.0,0.2,0.0,,0.2
2022-09-27,16.13,7.29,10.84,11.6,0.4,10.44,,0.6000000000000001
2022-09-28,2.7800000000000002,1.4000000000000001,3.38,4.92,0.4,3.17,,1.0
2022-09-29,,1.2000000000000002,0.6000000000000001,0.0,0.4,1.7799999999999998,,0.6000000000000001
2022-09-30,0.0,0.8,0.0,0.0,0.4,0.0,,1.0
2022-10-01,4.36,,2.18,4.35,0.4,3.99,,0.6000000000000001
2022-10-02,1.5799999999999998,,0.0,,0.6000000000000001,2.55,,0.4
2022-10-03,0.78,2.6,9.870000000000001,1.18,0.4,12.780000000000001,,0.4
2022-10-04,52.58,1.2000000000000002,13.600000000000001,39.24,0.6000000000000001,37.55,,0.6000000000000001
2022-10-05,3.55,0.8,7.800000000000001,1.18,0.4,2.4000000000000004,,
2022-10-06,7.08,0.8,5.6000000000000005,0.0,0.4,2.77,,
2022-10-07,0.0,3.0,,4.7299999999999995,0.2,0.0,,
2022-10-08,0.0,10.600000000000001,0.0,0.0,0.4,0.0,,
2022-10-09,0.79,9.8,0.2,0.4,0.6000000000000001,0.0,,
2022-10-10,0.0,7.4,0.0,0.0,4.2,0.0,,
2022-10-11,0.0,0.6000000000000001,0.0,0.0,,0.0,,
2022-10-12,,,,,,,,
2022-10-13,,,,,,,,
2022-10-14,0.0,0.0,0.0,0.0,0.0,0.0,,
2022-10-15,0.0,0.0,0.0,0.0,0.0,0.0,,
2022-10-16,0.0,0.0,0.0,0.0,0.0,0.0,,
2022-10-17,0.0,0.0,0.0,0.0,0.0,0.0,,
2022-10-18,0.0,0.0,,0.0,0.0,0.0,,
2022-10-19,25.369999999999997,1.8000000000000003,2.99,,2.0,16.92,,
2022-10-20,0.0,16.04,13.200000000000001,0.0,7.2,17.61,,
2022-10-21,0.0,0.2,2.0,0.0,2.8000000000000003,,,
2022-10-22,,,,,,,,
2022-10-23,,0.2,0.8,1.18,0.4,0.8,,
2022-10-24,0.0,0.4,4.2,6.29,19.24,1.0,,
2022-10-25,0.5900000000000001,0.2,5.0,0.79,1.4000000000000001,0.2,,
2022-10-26,0.0,0.4,0.0,0.0,1.0,0.4,,
2022-10-27,0.0,,0.0,0.0,0.4,0.2,,
2022-10-28,1.9700000000000002,0.2,1.0,5.9,0.2,0.4,,
2022-10-29,0.0,0.2,3.0,0.0,0.4,0.2,,
2022-10-30,5.73,0.2,3.1900000000000004,2.9699999999999998,0.6000000000000001,0.4,,
2022-10-31,15.18,1.2000000000000002,7.12,16.14,0.4,0.4,,
2022-11-01,3.34,1.8,0.79,9.05,0.6000000000000001,8.0,,
2022-11-02,14.82,,20.38,18.71,1.0,7.180000000000001,,17.180000000000003
2022-11-03,4.3500000000000005,11.200000000000001,7.99,5.74,,8.46,,9.600000000000001
2022-11-04,0.0,4.800000000000001,0.0,0.0,1.2000000000000002,0.0,,
2022-11-05,0.0,2.2,0.0,0.0,1.2000000000000002,0.0,,
2022-11-06,0.0,1.6,0.0,0.0,1.0,0.0,,
2022-11-07,7.680000000000001,0.6000000000000001,0.4,9.86,0.6000000000000001,0.2,,
2022-11-08,6.109999999999999,0.6000000000000001,1.2000000000000002,10.84,1.0,8.05,,5.6000000000000005
2022-11-09,5.91,7.6000000000000005,44.3,5.32,1.2000000000000002,15.17,,2.6
2022-11-10,0.79,5.4,0.4,1.18,0.8,2.6,,0.6000000000000001
2022-11-11,1.7799999999999998,2.2,1.0,5.91,0.6000000000000001,0.0,,0.4
2022-11-12,9.45,1.2000000000000002,22.900000000000002,8.280000000000001,0.6000000000000001,5.2,,0.4
2022-11-13,0.0,0.8,0.0,0.0,0.6000000000000001,0.2,,0.4
2022-11-14,48.36,0.6000000000000001,40.99,36.41,0.2,39.3,,0.2
2022-11-15,5.51,0.8,1.9700000000000002,15.95,0.4,2.17,,
2022-11-16,17.22,1.0,31.04,7.680000000000001,0.4,0.6000000000000001,,0.4
2022-11-17,0.0,1.3900000000000001,0.2,0.0,0.2,0.4,,0.4
2022-11-18,0.0,0.0,0.0,,0.4,0.0,,0.4
2022-11-19,0.0,0.0,0.0,0.0,0.2,0.0,,0.2
2022-11-20,0.0,,0.0,2.36,0.2,0.0,,0.2
2022-11-21,0.0,0.0,0.0,0.0,0.2,0.8,,0.2
2022-11-22,0.0,0.0,0.0,0.0,0.2,0.0,,0.2
2022-11-23,,1.19,0.0,0.4,0.2,0.0,,0.2
2022-11-24,7.870000000000001,,7.86,4.93,0.2,2.95,,0.4
2022-11-25,0.2,0.0,0.0,0.0,0.2,0.79,,0.2
2022-11-26,37.03,54.1,36.17,23.02,0.2,16.35,,0.4
2022-11-27,1.1800000000000002,0.2,0.4,0.2,0.2,3.8000000000000003,,0.2
2022-11-28,1.19,6.1000000000000005,0.4,,0.4,4.2,,0.4
2022-11-29,31.51,14.18,11.62,23.26,0.2,6.6000000000000005,,0.4
2022-11-30,30.360000000000003,12.73,34.12,26.18,0.2,29.06,,0.4
2022-12-01,0.6000000000000001,1.6,1.8,15.83,0.4,0.0,,0.4
2022-12-02,0.0,1.0,2.3600000000000003,0.0,0.2,0.0,,0.4
2022-12-03,0.0,0.8,0.0,0.6000000000000001,0.2,0.0,,0.4
2022-12-04,6.93,0.8,15.33,7.3100000000000005,0.2,2.19,,0.4
2022-12-05,1.4000000000000001,0.6000000000000001,0.8,1.0,0.2,2.0,,0.4
2022-12-06,,,,,,5.0,,
2022-12-07,,,,,,,,
2022-12-08,11.620000000000001,23.75,12.590000000000002,20.36,0.2,4.0,,0.4
2022-12-09,0.0,7.800000000000001,0.0,0.0,0.4,1.4000000000000001,,0.6000000000000001
2022-12-10,13.42,0.0,0.79,4.34,0.2,0.6000000000000001,,0.4
2022-12-11,,,,,,,,
2022-12-12,3.37,5.5,1.2000000000000002,2.5700000000000003,,1.4000000000000001,,0.4
2022-12-13,14.31,28.87,14.270000000000001,49.74,0.2,1.2000000000000002,,0.4
2022-12-14,4.800000000000001,18.16,8.200000000000001,0.6000000000000001,0.4,1.4000000000000001,,0.6000000000000001
2022-12-15,1.8,1.2000000000000002,0.0,0.0,0.2,,,0.4
2022-12-16,,0.0,0.0,0.0,0.4,31.32,,0.4
2022-12-17,1.0,11.8,4.590000000000001,,0.2,0.6000000000000001,,0.6000000000000001
2022-12-18,4.0,14.1,8.200000000000001,0.0,0.2,0.2,,0.4
2022-12-19,2.8000000000000003,2.2,6.4,10.25,0.2,0.8,,0.4
2022-12-20,15.39,3.6,10.96,23.27,2.6,0.2,,0.4
2022-12-21,39.59,,7.6000000000000005,52.75,4.6000000000000005,0.6000000000000001,,0.8
2022-12-22,22.51,,7.4,3.5900000000000003,0.8,0.8,,0.6000000000000001
2022-12-23,6.6000000000000005,0.0,6.0,0.0,0.4,1.0,,0.8
2022-12-24,0.0,0.0,5.6000000000000005,0.0,0.2,0.2,,0.4
2022-12-25,2.75,2.79,7.2,,0.4,0.4,,0.4
2022-12-26,13.600000000000001,22.439999999999998,5.99,,0.2,0.2,,0.4
2022-12-27,16.59,21.88,13.590000000000002,10.46,0.2,0.2,,0.4
2022-12-28,0.2,0.0,5.2,0.0,0.2,4.800000000000001,,0.4
2022-12-29,,13.43,,1.0,0.2,0.8,,0.2
2022-12-30,1.79,19.07,3.4000000000000004,6.1,0.2,4.4,,0.4
2022-12-31,7.88,,6.4,3.1500000000000004,0.2,6.000000000000001,,0.2
2023-01-01,14.28,13.790000000000001,6.6000000000000005,6.3500000000000005,0.2,14.13,,0.4
2023-01-02,7.800000000000001,37.84,4.800000000000001,10.65,13.260000000000002,2.77,,0.2
2023-01-03,15.89,17.32,7.4,19.16,16.4,0.4,,16.54
2023-01-04,15.590000000000002,29.700000000000003,6.4,17.12,19.689999999999998,1.19,,20.919999999999998
2023-01-05,26.46,15.149999999999999,5.4,39.18,29.89,4.0,,21.470000000000002
2023-01-06,26.22,60.83,,47.66,52.46,7.34,,57.379999999999995
2023-01-07,38.62,56.09,7.800000000000001,72.14,,9.8,,106.9
2023-01-08,67.86,29.36,6.6000000000000005,12.82,11.29,24.19,,5.53
2023-01-09,5.6000000000000005,13.4,,16.380000000000003,15.74,51.61,,29.41
2023-01-10,4.4,1.0,4.6000000000000005,7.890000000000001,5.31,5.76,,
2023-01-11,12.400000000000002,1.78,4.4,0.79,0.4,4.0,,
2023-01-12,2.8000000000000003,4.4,4.2,,10.05,7.6000000000000005,,
2023-01-13,5.2,0.0,4.2,27.2,0.0,12.38,,
2023-01-14,17.78,16.76,4.4,21.27,,2.4000000000000004,,
2023-01-15,14.600000000000001,4.2,4.4,0.0,0.0,7.6000000000000005,,0.0
2023-01-16,0.0,0.0,4.2,0.0,0.0,5.0,,0.0
2023-01-17,0.0,0.0,4.0,0.0,0.0,9.8,,0.0
2023-01-18,0.0,0.0,3.8000000000000003,0.0,0.0,,,0.0
2023-01-19,0.0,8.4,3.6,0.0,16.150000000000002,,,8.850000000000001
2023-01-20,1.79,0.8,3.2,19.810000000000002,,0.8,,26.82
2023-01-21,16.990000000000002,0.2,3.0,16.79,31.15,2.0,,29.1
2023-01-22,15.719999999999999,0.4,3.0,30.57,14.389999999999999,2.4000000000000004,,18.71
2023-01-23,12.34,0.2,3.2,1.0,2.7800000000000002,9.350000000000001,,2.19
2023-01-24,6.4,,3.2,8.690000000000001,16.0,33.12,,15.94
2023-01-25,,3.6,3.2,2.99,3.5700000000000003,23.3,,23.05
2023-01-26,18.28,0.2,3.2,19.369999999999997,36.26,23.53,,1.0
2023-01-27,18.26,0.2,3.0,,0.0,37.45,,1.5699999999999998
2023-01-28,1.4000000000000001,0.2,2.8000000000000003,0.0,,15.870000000000001,,0.0
2023-01-29,1.2000000000000002,,2.6,11.49,0.0,22.27,,0.0
2023-01-30,4.800000000000001,0.2,2.4000000000000004,2.6,13.84,20.96,,28.27
2023-01-31,0.0,0.2,2.4000000000000004,0.0,0.0,0.0,,0.0
2023-02-01,,0.2,2.4000000000000004,0.0,0.0,0.0,,0.0
2023-02-02,0.0,0.8,2.0,0.0,0.0,0.0,,0.0
2023-02-03,0.0,0.2,2.0,0.0,0.0,0.0,,0.0
2023-02-04,0.0,0.2,1.8,0.0,0.0,0.0,,0.0
2023-02-05,0.0,0.6000000000000001,1.8,0.0,0.0,0.0,,0.0
2023-02-06,0.0,0.4,1.6,0.0,0.0,7.46,,0.0
2023-02-07,5.99,0.4,1.4000000000000001,27.11,6.1,8.65,,1.7799999999999998
2023-02-08,9.780000000000001,1.0,1.4000000000000001,2.37,5.19,8.13,,10.649999999999999
2023-02-09,5.0,1.0,1.4000000000000001,8.86,0.0,0.0,,3.5500000000000003
2023-02-10,0.8,,,0.0,0.0,0.2,,0.0
2023-02-11,0.0,1.0,1.4000000000000001,0.0,,0.0,,
2023-02-12,2.0,0.2,1.2000000000000002,5.9,8.870000000000001,15.22,,1.3900000000000001
2023-02-13,3.8000000000000003,3.99,1.0,0.0,15.58,0.0,,3.35
2023-02-14,,0.4,0.2,26.849999999999998,16.5,0.2,,23.79
2023-02-15,27.19,,0.99,0.2,,0.0,0.0,0.4
2023-02-16,8.200000000000001,0.4,42.27,7.680000000000001,18.17,42.7,36.22,42.910000000000004
2023-02-17,1.0,0.6000000000000001,1.59,10.83,16.2,,0.2,48.72
2023-02-18,2.2,0.4,9.45,13.59,,1.5799999999999998,0.9900000000000001,0.2
2023-02-19,0.2,0.6000000000000001,0.2,0.0,,10.43,6.890000000000001,0.0
2023-02-20,0.0,0.4,0.0,0.0,0.0,0.0,0.0,0.0
2023-02-21,0.0,0.2,0.0,0.0,0.0,0.0,0.0,0.0
2023-02-22,0.0,,18.97,0.0,0.0,0.0,0.0,0.0
2023-02-23,0.0,0.2,0.0,0.0,0.0,0.0,0.0,0.0
2023-02-24,0.0,0.2,0.0,,0.0,0.0,0.0,0.0
2023-02-25,0.0,0.2,0.0,0.0,,0.0,0.0,0.0
2023-02-26,0.0,0.2,0.0,0.0,0.0,0.0,0.0,0.0
2023-02-27,0.0,0.0,0.0,0.0,0.0,0.0,0.0,0.0
2023-02-28,0.0,0.2,0.0,0.0,,0.0,0.0,0.0
2023-03-01,0.0,0.0,0.0,0.0,0.0,0.0,0.0,0.0
2023-03-02,0.0,0.2,0.0,0.0,4.54,0.0,0.2,0.0
2023-03-03,13.53,0.0,0.0,0.0,,0.0,0.0,
2023-03-04,0.0,0.0,0.0,,0.0,0.0,0.0,0.0
2023-03-05,0.0,0.0,0.0,0.0,,0.0,0.0,0.0
2023-03-06,0.0,0.0,0.0,0.0,0.0,0.0,0.0,0.0
2023-03-07,0.0,1.77,14.319999999999999,0.2,0.0,7.49,11.23,0.4
2023-03-08,0.79,13.19,0.0,1.18,0.0,0.0,10.910000000000002,1.77
2023-03-09,0.0,0.0,3.37,0.0,0.0,0.0,0.5900000000000001,0.0
2023-03-10,0.0,0.0,0.0,0.0,0.0,0.0,0.0,
2023-03-11,1.19,0.2,0.0,0.0,0.0,1.38,2.56,0.0
2023-03-12,99.08000000000001,,51.82,114.05000000000001,50.88,81.57000000000001,58.589999999999996,29.290000000000003
2023-03-13,6.5,0.0,21.720000000000002,7.08,13.200000000000001,0.0,0.98,0.0
2023-03-14,0.0,0.0,0.0,0.0,,13.63,0.0,0.0
2023-03-15,0.0,0.0,0.0,0.0,0.0,0.2,0.0,0.0
2023-03-16,10.620000000000001,0.99,0.0,18.72,,0.0,0.0,1.0
2023-03-17,0.0,0.0,0.0,1.38,0.0,0.0,0.0,0.0
2023-03-18,0.0,0.0,0.4,0.0,0.0,0.0,0.0,0.0
2023-03-19,11.22,0.0,1.1800000000000002,1.1800000000000002,1.8000000000000003,0.0,2.55,0.0
2023-03-20,8.260000000000002,2.16,14.910000000000002,0.5900000000000001,,3.54,0.2,0.0
2023-03-21,0.0,0.0,10.42,0.0,,0.0,0.2,0.0
2023-03-22,0.0,0.0,0.0,0.0,,10.44,1.38,0.0
2023-03-23,0.0,0.0,0.2,0.0,,0.0,0.0,0.0
2023-03-24,0.0,0.0,0.0,0.0,0.0,0.0,0.0,0.0
2023-03-25,0.0,0.0,7.28,0.0,0.0,0.0,0.0,0.0
2023-03-26,0.0,0.0,0.0,0.0,0.0,0.0,0.0,0.0
2023-03-27,14.57,0.0,0.0,5.909999999999999,,0.0,0.0,0.0
2023-03-28,24.96,0.0,5.13,0.0,0.0,50.92,1.59,0.0
2023-03-29,0.0,0.0,0.2,0.0,0.0,0.4,0.2,0.0
2023-03-30,0.0,0.0,0.0,0.0,0.0,0.0,0.0,
2023-03-31,0.0,0.0,0.0,0.0,0.0,0.0,0.0,0.0
2023-04-01,0.0,0.0,0.9900000000000001,0.0,0.0,5.72,5.11,0.0
2023-04-02,1.5799999999999998,0.0,0.0,9.06,0.0,0.0,0.0,0.2
2023-04-03,,36.28,0.0,0.98,,0.0,0.0,0.0
2023-04-04,0.0,0.0,6.89,0.0,,0.0,0.0,0.0
2023-04-05,9.84,,12.209999999999999,0.0,,0.0,0.2,0.0
2023-04-06,0.0,0.0,0.0,0.0,0.2,0.0,0.0,0.0
2023-04-07,0.2,42.35,0.4,16.93,0.0,0.2,0.2,5.7
2023-04-08,0.0,1.7799999999999998,,0.5900000000000001,0.2,0.0,0.2,1.2000000000000002
2023-04-09,16.35,10.66,11.82,16.54,0.0,15.75,16.93,13.41
2023-04-10,0.4,0.4,0.2,0.2,0.2,0.0,0.2,0.2
2023-04-11,0.0,,0.0,0.0,0.2,0.0,0.0,0.0
2023-04-12,3.3400000000000003,1.5699999999999998,0.4,1.19,0.4,0.2,0.99,11.999999999999998
2023-04-13,0.0,0.0,0.2,0.0,1.2000000000000002,0.0,0.0,0.0
2023-04-14,2.55,4.33,6.11,3.55,2.0,6.72,16.11,6.890000000000001
2023-04-15,0.0,0.2,0.0,0.0,1.2000000000000002,0.0,0.2,0.0
2023-04-16,0.0,0.0,0.0,0.0,1.4000000000000001,0.0,0.0,0.0
2023-04-17,0.0,0.0,0.0,0.0,0.2,0.0,0.0,0.0
2023-04-18,0.79,0.0,13.08,,0.2,0.8,2.96,0.0
2023-04-19,5.5200000000000005,2.97,1.19,4.73,0.2,0.8,1.0,3.9699999999999998
2023-04-20,0.0,0.0,1.3900000000000001,0.0,0.0,0.79,0.99,0.0
2023-04-21,0.0,0.0,0.0,0.0,0.2,0.0,0.0,0.0
2023-04-22,0.0,0.0,0.0,0.0,0.0,0.0,0.0,0.0
2023-04-23,0.0,0.0,0.0,0.0,0.2,0.0,0.0,0.0
2023-04-24,0.0,,0.0,0.0,0.0,0.0,0.0,0.0
2023-04-25,0.0,0.0,0.0,0.0,0.0,0.0,0.0,0.0
2023-04-26,0.0,0.0,0.0,0.0,0.0,0.0,0.0,0.0
2023-04-27,0.0,0.0,0.0,0.0,0.0,0.0,0.0,0.4
2023-04-28,11.81,,13.58,11.02,0.2,13.76,11.790000000000001,8.09
2023-04-29,24.21,7.089999999999999,53.410000000000004,42.4,0.0,16.689999999999998,14.189999999999998,15.57
2023-04-30,0.0,0.0,0.2,0.0,0.0,0.2,1.78,0.0
2023-05-01,0.0,0.2,0.0,,0.2,0.0,0.2,0.0
2023-05-02,0.0,0.0,0.0,0.0,0.6000000000000001,0.0,0.2,0.0
2023-05-03,0.0,0.0,0.0,0.0,0.6000000000000001,0.0,0.0,0.0
2023-05-04,0.0,0.0,0.0,0.0,,0.0,0.0,0.0
2023-05-05,0.0,0.0,0.0,,9.55,0.0,0.2,0.0
2023-05-06,0.0,0.0,0.0,0.0,0.0,0.0,0.0,0.0
2023-05-07,0.0,0.0,0.0,0.0,0.0,0.0,0.0,0.0
2023-05-08,0.0,0.0,0.0,0.0,0.0,0.0,0.0,0.0
2023-05-09,0.0,0.0,0.0,0.0,0.0,0.0,0.2,0.0
2023-05-10,0.0,0.0,0.0,0.0,0.0,0.0,0.0,
2023-05-11,0.0,0.0,0.0,0.0,0.0,0.0,0.0,0.0
2023-05-12,0.0,0.0,0.0,0.0,0.0,0.0,0.0,0.0
2023-05-13,,0.0,0.0,0.0,0.0,0.0,0.0,0.0
2023-05-14,0.0,0.0,0.0,0.0,0.0,0.0,0.0,0.0
2023-05-15,0.0,0.0,0.0,0.0,0.0,0.0,0.2,0.0
2023-05-16,0.0,0.0,0.0,0.0,,0.0,0.2,0.0
2023-05-17,,0.0,0.0,,0.0,0.0,0.0,0.0
2023-05-18,0.0,0.0,0.0,0.0,0.0,0.0,0.0,0.0
2023-05-19,0.0,0.0,0.0,0.0,0.0,0.0,0.0,0.0
2023-05-20,0.0,0.0,0.0,0.0,0.0,0.0,0.0,0.0
2023-05-21,0.0,0.0,1.25,0.0,0.0,0.0,0.2,0.0
2023-05-22,0.0,0.0,0.0,0.0,0.0,0.0,0.0,0.0
2023-05-23,0.0,0.0,0.0,0.0,0.0,0.0,0.0,0.0
2023-05-24,0.0,0.0,0.0,0.0,0.0,0.0,0.0,0.0
2023-05-25,0.0,0.0,0.0,0.0,0.0,0.0,0.0,0.0
2023-05-26,0.0,0.0,0.0,0.0,0.0,0.0,0.0,0.0
2023-05-27,0.0,0.0,0.0,0.0,0.0,0.0,0.2,0.0
2023-05-28,0.0,0.0,0.0,0.0,0.0,0.0,0.0,0.0
2023-05-29,0.0,,0.0,0.0,0.2,0.0,0.0,0.2
2023-05-30,0.0,0.0,0.0,0.0,0.0,0.0,0.0,0.0
2023-05-31,0.2,0.0,0.8,0.2,0.0,0.0,0.8,0.0
2023-06-01,0.0,0.0,0.2,0.0,0.0,0.0,0.4,0.0
2023-06-02,0.0,0.0,0.0,0.0,0.0,0.2,0.0,0.0
2023-06-03,0.0,0.0,0.0,0.0,0.0,0.0,0.0,0.0
2023-06-04,0.0,0.0,0.0,0.0,0.0,0.0,0.2,0.0
2023-06-05,0.0,0.0,0.0,0.0,0.0,0.0,0.2,0.0
2023-06-06,0.0,0.0,0.0,0.0,0.0,0.0,0.2,0.0
2023-06-07,0.0,0.0,0.0,0.0,0.0,0.0,0.0,0.0
2023-06-08,0.0,0.0,0.0,0.0,0.0,0.0,0.2,0.0
2023-06-09,0.0,0.0,0.0,0.0,0.0,0.0,0.0,0.0
2023-06-10,0.0,0.0,0.0,0.0,0.0,0.0,0.0,0.0
2023-06-11,0.0,0.0,0.0,0.0,0.0,0.0,0.0,0.0
2023-06-12,0.0,0.0,0.0,0.0,0.0,0.0,0.0,0.0
2023-06-13,0.0,0.0,0.0,0.0,0.0,0.0,0.0,0.0
2023-06-14,0.0,0.0,0.0,0.0,0.0,0.0,0.0,0.0
2023-06-15,0.0,0.0,0.0,0.0,0.0,0.0,0.0,0.0
2023-06-16,0.0,0.2,0.0,0.0,0.0,0.0,0.0,0.0
2023-06-17,6.5600000000000005,14.120000000000001,4.18,5.17,2.8000000000000003,8.080000000000002,14.579999999999998,1.4000000000000001
2023-06-18,0.0,0.2,0.2,0.0,0.0,0.0,0.0,0.0
2023-06-19,0.0,0.0,0.0,0.0,0.0,0.0,0.0,0.0
2023-06-20,0.0,0.0,0.0,0.0,0.0,0.0,0.2,0.0
2023-06-21,0.0,0.0,0.0,0.0,0.0,0.0,0.2,0.0
2023-06-22,0.0,0.0,0.0,0.0,0.0,,,0.0
2023-06-23,0.0,0.0,0.0,0.0,0.0,,,0.0
2023-06-24,0.0,0.0,0.0,0.0,0.0,0.0,0.0,0.0
2023-06-25,0.0,0.0,0.0,0.0,0.0,0.0,0.2,0.0
2023-06-26,0.0,0.0,0.0,0.0,0.0,0.0,0.0,0.0
2023-06-27,,0.0,0.0,0.0,0.0,0.0,0.2,0.0
2023-06-28,0.0,0.0,0.0,0.0,0.0,0.2,0.0,0.0
2023-06-29,0.0,0.0,0.0,0.0,0.0,0.0,0.0,0.0
2023-06-30,0.0,0.0,0.0,0.0,0.0,0.0,0.0,0.0
2023-07-01,0.0,0.0,0.0,0.0,0.0,0.0,0.0,0.0
2023-07-02,0.0,0.0,0.0,0.0,0.0,0.0,0.0,0.0
2023-07-03,0.0,0.0,0.0,0.0,0.0,0.0,0.0,0.0
2023-07-04,0.0,0.0,0.0,0.0,0.0,0.0,0.0,0.0
2023-07-05,0.0,0.0,0.0,0.0,0.0,0.0,0.0,0.0
2023-07-06,,,,,,,,
2023-07-07,,,,,,,,
2023-07-08,0.0,0.0,0.0,0.0,0.0,0.0,0.0,0.0
2023-07-09,0.0,0.0,0.0,0.0,0.0,0.0,0.0,0.0
2023-07-10,0.0,,0.0,0.0,0.0,0.0,0.0,0.0
2023-07-11,0.0,0.0,0.0,0.0,0.0,0.0,0.0,0.0
2023-07-12,0.0,,0.0,0.0,0.0,0.0,0.0,0.0
2023-07-13,0.0,0.0,0.0,0.0,0.0,0.0,0.0,0.0
2023-07-14,0.4,1.2000000000000002,0.99,1.0,0.79,0.4,0.4,1.1900000000000002
2023-07-15,0.0,0.0,0.0,0.0,0.0,0.0,0.0,0.0
2023-07-16,0.0,0.0,0.0,0.0,0.0,0.0,0.0,0.0
2023-07-17,,0.0,0.0,0.0,0.0,0.0,0.0,0.0
2023-07-18,0.0,0.0,0.0,0.0,0.0,0.0,0.0,0.0
2023-07-19,0.2,0.0,0.0,0.0,0.0,4.74,5.12,0.0
2023-07-20,0.0,0.0,0.0,0.0,0.0,0.0,0.2,0.0
2023-07-21,0.0,0.0,0.0,0.0,0.0,0.0,0.0,0.0
2023-07-22,0.0,0.0,0.0,0.0,0.0,0.0,0.0,0.0
2023-07-23,0.0,0.0,0.0,0.0,0.0,0.0,0.0,0.0
2023-07-24,0.0,0.0,0.0,0.0,0.0,0.0,0.0,0.0
2023-07-25,0.0,0.0,0.0,0.0,0.0,0.0,0.0,0.0
2023-07-26,,0.0,0.0,0.0,0.0,0.0,0.2,0.0
2023-07-27,0.0,0.0,0.0,0.0,0.0,0.0,0.0,0.0
2023-07-28,,0.0,0.0,0.0,0.0,0.0,0.0,0.0
2023-07-29,0.0,0.0,0.0,0.0,0.0,0.0,0.0,0.0
2023-07-30,0.0,0.0,0.0,0.0,0.0,0.0,0.0,0.0
2023-07-31,0.0,0.0,0.0,0.0,0.0,0.0,0.0,0.0
2023-08-01,0.0,0.0,0.0,0.0,0.0,0.0,0.0,0.0
2023-08-02,0.0,0.0,0.0,0.0,0.0,0.0,0.0,0.0
2023-08-03,0.0,0.0,0.0,0.0,0.0,0.0,0.0,0.0
2023-08-04,0.0,0.0,0.0,0.0,0.0,0.0,0.0,0.0
2023-08-05,,0.0,0.0,,0.0,0.0,,0.0
2023-08-06,0.0,0.0,0.0,0.0,0.0,0.0,,0.0
2023-08-07,0.0,0.0,0.0,0.0,,0.0,0.0,0.0
2023-08-08,0.0,0.0,0.0,0.0,0.0,0.0,0.0,0.0
2023-08-09,0.0,0.0,0.0,0.0,0.0,0.0,0.0,0.0
2023-08-10,0.0,0.0,0.0,0.0,0.0,0.0,0.0,0.0
2023-08-11,0.0,0.0,0.0,0.0,0.0,0.0,0.0,0.0
2023-08-12,0.0,0.0,0.0,0.0,0.0,0.0,0.0,0.2
2023-08-13,0.0,0.0,2.37,0.0,0.0,0.5900000000000001,2.5600000000000005,0.0
2023-08-14,0.0,0.0,0.2,0.0,0.0,16.86,14.57,0.0
2023-08-15,0.0,0.0,0.0,0.0,0.0,0.2,0.2,0.0
2023-08-16,,0.0,,0.0,0.0,0.0,0.0,0.0
2023-08-17,0.0,0.0,0.0,0.0,0.0,0.0,0.0,0.0
2023-08-18,0.0,0.0,0.0,0.0,0.0,0.0,0.0,0.0
2023-08-19,0.0,0.0,0.0,0.0,0.0,0.0,0.0,0.0
2023-08-20,0.79,1.18,4.73,1.7799999999999998,0.0,1.19,3.1500000000000004,0.8
2023-08-21,2.75,6.109999999999999,7.08,4.15,4.53,2.9699999999999998,4.73,4.92
2023-08-22,0.0,0.0,0.0,0.0,0.0,0.0,0.2,0.0
2023-08-23,0.0,0.0,0.0,0.0,0.0,0.0,0.0,0.0
2023-08-24,0.0,0.0,0.0,0.0,0.0,0.0,0.0,0.0
2023-08-25,0.0,0.0,0.0,0.0,0.0,0.0,0.0,0.0
2023-08-26,0.0,2.76,0.0,0.4,0.0,0.6000000000000001,0.4,1.0
2023-08-27,0.6000000000000001,6.7,2.17,4.140000000000001,3.16,,1.98,3.18
2023-08-28,0.0,0.9900000000000001,0.2,2.97,4.73,0.2,0.0,0.6000000000000001
2023-08-29,0.98,1.58,0.4,0.79,11.25,,0.4,3.37
2023-08-30,0.0,0.0,,0.0,0.0,0.0,0.0,0.2
2023-08-31,1.39,0.0,0.0,1.5799999999999998,0.0,0.0,0.0,0.0
2023-09-01,0.0,0.0,0.0,0.0,0.0,0.0,0.0,0.0
2023-09-02,0.0,0.0,0.0,0.0,0.0,0.0,0.0,
2023-09-03,0.0,0.2,,0.0,0.0,0.0,0.0,0.0
2023-09-04,0.0,0.0,,0.0,0.0,,0.0,0.0
2023-09-05,0.0,6.7,0.0,0.0,1.0,3.5500000000000003,,4.98
2023-09-06,0.0,0.2,0.0,0.0,0.0,0.0,0.0,3.2
2023-09-07,0.0,0.0,,0.0,0.0,0.0,0.0,0.2
2023-09-08,0.0,0.0,0.0,0.0,0.0,0.0,0.0,0.0
2023-09-09,0.0,0.0,0.0,0.0,0.0,0.0,,0.0
2023-09-10,0.0,0.0,0.0,0.0,0.0,0.0,0.0,0.0
2023-09-11,0.0,0.0,0.0,0.0,0.0,,0.0,0.0
2023-09-12,0.0,0.0,0.0,0.0,0.0,0.0,0.0,0.0
2023-09-13,0.0,0.0,0.0,0.0,0.0,,,0.0
2023-09-14,0.2,0.0,,0.0,0.0,,1.78,0.0
2023-09-15,0.5900000000000001,0.0,,0.0,0.0,,,0.0
2023-09-16,0.0,0.0,0.0,0.0,0.0,,,0.0
2023-09-17,0.0,0.0,0.0,0.0,0.0,0.0,,0.0
2023-09-18,0.0,0.0,,0.0,0.0,0.0,0.0,0.0
2023-09-19,0.0,0.0,0.0,0.0,0.0,,0.0,0.0
2023-09-20,0.0,0.0,0.0,0.0,0.0,,0.0,0.0
2023-09-21,0.0,0.0,0.0,0.0,0.0,,0.0,0.0
2023-09-22,0.0,0.0,,0.0,0.0,0.0,,0.0
2023-09-23,0.0,0.0,,0.0,0.0,,0.0,0.0
2023-09-24,0.0,0.0,,0.0,0.0,0.0,0.0,0.0
2023-09-25,0.0,0.0,,0.0,0.0,0.0,0.0,0.0
2023-09-26,0.0,0.0,,0.0,0.0,0.0,0.0,0.0
2023-09-27,0.0,0.0,0.0,0.0,0.0,,0.0,0.0
2023-09-28,3.54,5.33,11.42,8.67,10.239999999999998,20.66,10.05,1.4000000000000001
2023-09-29,0.0,0.0,0.2,0.0,0.2,0.0,0.0,0.2
2023-09-30,0.0,0.0,0.0,0.0,0.0,0.0,0.0,0.2
2023-10-01,9.84,20.66,,11.24,14.01,,18.48,0.8
2023-10-02,5.710000000000001,2.77,1.19,5.91,1.2000000000000002,,1.98,7.800000000000001
2023-10-03,2.75,1.97,0.5900000000000001,0.0,,3.0000000000000004,12.41,0.2
2023-10-04,0.0,0.0,0.0,0.0,0.0,4.4,0.2,0.2
2023-10-05,0.0,0.0,,0.4,0.0,,0.0,0.0
2023-10-06,29.33,30.470000000000002,34.07,19.9,30.87,7.4,27.88,0.2
2023-10-07,0.0,0.0,0.0,0.0,0.0,2.6,0.4,0.2
2023-10-08,0.0,0.0,0.0,0.0,0.0,,,0.6000000000000001
2023-10-09,0.0,0.0,,0.0,0.0,0.0,,1.4000000000000001
2023-10-10,1.1800000000000002,0.0,0.0,0.2,0.0,0.0,0.0,0.8
2023-10-11,0.0,0.0,0.0,0.0,0.0,0.0,0.0,0.8
2023-10-12,0.0,0.0,0.0,0.0,0.0,0.0,0.0,0.0
2023-10-13,0.0,0.0,0.99,0.39,0.0,,1.38,0.0
2023-10-14,0.0,0.0,0.0,0.0,0.0,0.0,,0.0
2023-10-15,0.0,0.0,,0.0,0.0,,,0.0
2023-10-16,0.0,0.0,0.0,0.0,0.0,,0.0,0.0
2023-10-17,,,,,,,,
2023-10-18,3.9499999999999997,3.94,,0.99,0.0,1.8,0.39,0.0
2023-10-19,1.3800000000000001,0.2,0.0,2.5500000000000003,3.39,,1.2000000000000002,2.2
2023-10-20,16.520000000000003,1.6,14.19,24.22,18.89,,20.49,1.6
2023-10-21,0.4,4.73,,0.8,0.2,,,2.4000000000000004
2023-10-22,0.0,0.0,0.0,0.0,0.0,0.8,,1.8
2023-10-23,0.0,0.0,0.0,0.0,0.0,,,0.6000000000000001
2023-10-24,0.0,0.0,0.0,0.0,0.0,0.6000000000000001,0.0,0.2
2023-10-25,0.8,2.79,0.4,8.290000000000001,9.059999999999999,3.6,,0.6000000000000001
2023-10-26,0.0,5.0,0.0,0.2,,,2.57,1.0
2023-10-27,0.0,6.000000000000001,21.07,0.0,7.92,,7.49,21.53
2023-10-28,5.13,1.6,12.23,6.130000000000001,1.4000000000000001,1.0,13.79,1.8000000000000003
2023-10-29,17.349999999999998,1.4000000000000001,25.709999999999997,33.769999999999996,5.51,,,12.74
2023-10-30,20.89,6.220000000000001,,18.29,28.51,,,32.660000000000004
2023-10-31,11.59,5.930000000000001,27.34,37.78,,,,14.950000000000001
2023-11-01,1.2,0.4,,1.2,1.0,,1.5799999999999998,1.8
2023-11-02,8.06,4.13,,4.32,0.4,1.4000000000000001,7.67,2.38
2023-11-03,3.7600000000000002,2.6,,3.76,0.4,,,3.75
2023-11-04,18.919999999999998,9.06,26.48,8.87,0.4,4.0,21.28,
2023-11-05,0.0,0.0,0.0,0.0,0.2,9.56,,0.0
2023-11-06,0.0,0.0,,0.0,2.2,11.92,0.0,0.0
2023-11-07,0.0,0.0,0.0,0.0,2.2,0.2,,0.0
2023-11-08,0.0,0.0,0.0,0.0,0.0,0.0,0.0,0.0
2023-11-09,0.0,0.0,0.0,0.0,0.0,0.0,0.0,0.0
2023-11-10,0.0,0.0,0.0,0.0,0.0,0.0,0.0,0.0
2023-11-11,0.0,0.0,0.0,0.0,0.0,0.0,0.0,0.0
2023-11-12,0.0,0.0,0.0,0.0,0.0,0.0,0.0,0.0
2023-11-13,0.0,0.0,0.0,0.0,0.0,0.0,0.0,0.0
2023-11-14,0.0,0.0,0.0,0.0,,0.0,0.0,0.0
2023-11-15,0.0,0.0,0.0,0.0,0.0,0.0,0.0,0.5900000000000001
2023-11-16,0.0,0.0,4.93,0.0,0.0,0.0,0.99,0.0
2023-11-17,0.79,0.0,0.0,9.66,0.0,0.0,0.0,0.0
2023-11-18,0.0,0.0,0.0,0.0,0.0,0.0,0.0,0.0
2023-11-19,5.33,11.61,41.06,4.92,0.4,0.0,2.37,8.5
2023-11-20,37.730000000000004,37.78,51.82,34.88,0.8,25.73,69.83,79.08
2023-11-21,0.4,3.17,19.61,0.8,0.8,5.49,1.6,4.52
2023-11-22,0.0,0.0,0.0,0.0,0.4,0.0,0.0,0.0
2023-11-23,0.0,0.4,0.8300000000000001,0.0,0.4,0.0,0.0,0.0
2023-11-24,11.44,53.68,20.07,30.09,0.4,10.8,11.99,2.17
2023-11-25,2.5700000000000003,0.0,5.120000000000001,11.03,0.2,20.51,21.0,0.0
2023-11-26,0.0,0.0,0.0,0.0,0.2,0.0,0.0,0.0
2023-11-27,0.0,0.0,0.79,35.080000000000005,0.2,0.0,0.0,0.0
2023-11-28,0.0,0.0,0.0,4.16,0.2,0.0,0.0,0.0
2023-11-29,,0.0,,0.0,0.2,0.0,0.0,0.0
2023-11-30,0.0,0.0,0.0,0.0,0.2,0.0,0.0,0.0
2023-12-01,36.81,34.33,15.56,60.17,0.2,,0.8,7.459999999999999
2023-12-02,5.71,4.130000000000001,0.2,22.830000000000002,0.2,0.4,1.0,3.55
2023-12-03,0.0,0.0,5.32,0.79,0.0,,0.0,4.73
2023-12-04,8.860000000000001,2.17,11.219999999999999,1.0,0.2,,,12.379999999999999
2023-12-05,9.65,32.95,5.9,46.07,0.2,0.2,0.0,0.2
2023-12-06,18.36,3.94,2.9699999999999998,22.09,0.0,0.0,0.0,0.0
2023-12-07,0.0,0.0,0.0,0.0,0.0,0.0,0.0,0.0
2023-12-08,0.0,0.0,0.99,0.0,0.0,0.0,4.15,0.0
2023-12-09,0.4,0.0,0.2,0.0,0.4,0.0,0.0,0.0
2023-12-10,0.0,0.0,0.0,0.0,0.0,0.0,0.0,0.0
2023-12-11,0.0,7.88,0.0,0.0,0.0,0.0,0.0,0.39
2023-12-12,39.45,7.69,44.0,10.82,7.08,0.79,9.58,9.09
2023-12-13,0.0,0.6000000000000001,1.0,0.4,21.43,0.0,3.56,0.6000000000000001
2023-12-14,0.0,0.0,0.0,0.0,1.2000000000000002,0.0,4.69,0.0
2023-12-15,0.0,0.0,0.0,7.5200000000000005,0.0,0.0,0.0,0.0
2023-12-16,0.0,0.0,0.0,0.0,0.0,0.0,0.0,0.0
2023-12-17,0.0,0.0,0.0,0.0,0.0,0.0,,0.0
2023-12-18,0.0,0.0,8.69,9.45,,0.0,0.0,2.56
2023-12-19,0.59,3.7399999999999998,0.0,0.0,2.56,0.2,4.92,0.4
2023-12-20,0.99,0.0,0.0,6.5,0.0,0.0,0.0,0.0
2023-12-21,0.0,3.36,0.0,7.12,1.97,0.0,3.1500000000000004,1.0
2023-12-22,8.09,2.19,23.05,3.35,2.1700000000000004,26.18,33.57,11.42
2023-12-23,0.6000000000000001,21.65,0.2,1.58,32.42,1.19,1.58,7.7
2023-12-24,0.4,15.56,2.75,1.2000000000000002,4.93,0.4,1.1800000000000002,3.2
2023-12-25,29.389999999999997,1.0,13.0,1.2000000000000002,1.79,0.0,0.0,11.269999999999998
2023-12-26,6.1,3.3500000000000005,2.96,2.18,9.05,0.98,2.17,17.75
2023-12-27,0.0,46.96000000000001,0.0,0.0,19.84,0.0,0.2,0.2
2023-12-28,0.0,0.0,0.0,0.0,0.0,0.0,0.0,0.0
2023-12-29,0.0,0.0,0.0,0.0,0.0,0.0,0.0,0.0
2023-12-30,5.72,28.400000000000002,29.77,11.499999999999998,9.88,24.14,16.83,12.22
2023-12-31,9.04,1.5799999999999998,45.11,1.77,3.8000000000000003,6.7,1.9900000000000002,8.66
2024-01-01,19.13,16.96,29.74,21.29,1.0,74.18,53.15,23.45
2024-01-02,0.2,0.4,33.2,1.1900000000000002,1.4000000000000001,1.8,,16.150000000000002
2024-01-03,15.34,35.51,8.51,18.32,1.8,1.6,25.98,16.34
2024-01-04,28.849999999999998,70.35,59.39,27.580000000000002,,1.0,69.52,7.800000000000001
2024-01-05,0.0,0.2,0.0,0.2,2.2,0.8,0.2,2.0
2024-01-06,3.74,1.7799999999999998,0.0,1.3900000000000001,1.0,0.4,0.0,1.8
2024-01-07,19.22,50.669999999999995,0.0,3.74,1.0,0.4,1.1900000000000002,2.0
2024-01-08,0.0,0.0,0.0,0.2,0.8,0.6000000000000001,0.2,2.4000000000000004
2024-01-09,0.4,1.1900000000000002,2.39,0.8,0.6000000000000001,0.4,3.77,
2024-01-10,0.0,4.13,0.2,0.0,0.8,0.4,8.48,1.6
2024-01-11,0.2,1.9699999999999998,9.84,10.939999999999998,1.8000000000000003,1.0,0.0,2.0
2024-01-12,13.790000000000001,0.0,36.720000000000006,14.77,0.6000000000000001,0.4,23.47,1.0
2024-01-13,22.759999999999998,49.02,,4.95,1.0,0.4,3.15,4.0
2024-01-14,18.12,62.660000000000004,,17.51,3.2,0.4,3.7600000000000002,
2024-01-15,21.06,21.34,,51.08,23.71,0.4,20.88,2.4000000000000004
2024-01-16,0.0,0.0,4.73,0.0,37.63,0.4,3.73,2.0
2024-01-17,,0.2,,41.52,8.45,0.0,0.4,4.800000000000001
2024-01-18,6.7,0.0,,8.26,7.67,0.6000000000000001,0.0,2.4000000000000004
2024-01-19,8.86,0.0,,0.5900000000000001,0.0,0.0,21.01,
2024-01-20,0.0,0.0,,0.0,0.0,3.6,1.39,0.2
2024-01-21,0.6000000000000001,5.7,,0.2,2.7500000000000004,,7.48,0.0
2024-01-22,0.0,0.0,,0.0,0.0,0.8,0.0,0.0
2024-01-23,15.16,7.46,56.629999999999995,34.39,9.81,1.6,14.7,0.99
2024-01-24,10.64,46.42,,47.839999999999996,53.99,0.8,36.96,18.400000000000002
2024-01-25,5.71,19.310000000000002,1.18,0.2,8.26,0.8,0.0,5.6000000000000005
2024-01-26,23.59,11.8,,21.35,2.17,1.2000000000000002,0.0,10.350000000000001
2024-01-27,0.2,,,0.2,0.4,0.6000000000000001,1.37,
2024-01-28,0.98,6.3100000000000005,46.28,,1.38,0.4,0.0,
2024-01-29,6.090000000000001,43.910000000000004,,10.44,,0.4,2.9699999999999998,
2024-01-30,8.07,2.2,,2.96,5.5,0.6000000000000001,9.25,
2024-01-31,31.92,8.850000000000001,,18.67,20.8,0.4,16.33,
2024-02-01,2.56,11.83,,2.95,14.73,0.4,1.99,
2024-02-02,0.0,0.0,,0.0,0.0,1.0,0.0,
2024-02-03,0.0,0.4,0.0,0.0,0.0,1.6,0.0,
2024-02-04,0.0,0.0,32.8,0.0,0.0,2.0,0.8,
2024-02-05,9.46,0.0,,0.0,0.0,2.2,6.879999999999999,
2024-02-06,67.45,9.110000000000001,4.34,45.52,36.01,4.0,5.71,
2024-02-07,,,,,,,,
2024-02-08,,,,,,,,
2024-02-09,0.0,0.0,0.0,0.0,5.2,4.800000000000001,0.2,
2024-02-10,0.0,0.0,0.0,0.79,0.6000000000000001,5.0,0.0,
2024-02-11,0.0,0.2,0.0,0.0,0.0,3.6,0.0,
2024-02-12,0.0,0.0,,0.0,0.0,3.8000000000000003,0.0,
2024-02-13,0.0,0.0,0.0,0.0,0.0,1.6,0.0,
2024-02-14,2.16,1.4000000000000001,,1.7799999999999998,1.2000000000000002,1.0,15.57,
2024-02-15,14.19,5.91,9.65,14.38,10.819999999999999,1.8,14.4,
2024-02-16,2.8000000000000003,9.280000000000001,,2.77,1.3900000000000001,3.4000000000000004,1.0,3.8000000000000003
2024-02-17,15.94,2.4000000000000004,0.0,6.11,,0.6000000000000001,0.5900000000000001,3.17
2024-02-18,0.6000000000000001,37.67,,0.2,1.2000000000000002,0.2,0.2,5.71
2024-02-19,2.75,8.09,,13.98,6.88,0.2,3.5500000000000003,4.95
2024-02-20,0.8,5.99,,14.2,6.380000000000001,0.2,17.17,2.8000000000000003
2024-02-21,1.0,15.8,,2.79,13.8,0.2,6.3100000000000005,10.200000000000001
2024-02-22,,15.600000000000001,,20.3,12.950000000000001,0.4,6.7,12.600000000000001
2024-02-23,1.0,,,12.67,17.8,0.4,2.59,17.0
2024-02-24,1.0,12.780000000000001,,16.25,11.000000000000002,1.6,0.0,11.0
2024-02-25,0.8,0.2,1.18,8.08,,2.0,0.0,0.8
2024-02-26,0.8,0.0,0.0,0.0,0.8,3.8000000000000003,0.0,0.0
2024-02-27,0.6000000000000001,0.0,0.0,0.0,0.4,1.4000000000000001,0.0,0.0
2024-02-28,0.6000000000000001,0.0,0.0,0.0,0.0,0.4,0.0,0.0
2024-02-29,0.6000000000000001,0.0,0.79,0.9900000000000001,0.0,0.2,10.620000000000001,0.0
2024-03-01,0.6000000000000001,13.48,,9.0,3.97,0.2,1.57,2.79
2024-03-02,0.6000000000000001,0.0,0.0,0.0,0.4,0.6000000000000001,0.2,0.6000000000000001
2024-03-03,0.4,0.0,0.0,0.0,0.0,0.2,0.0,0.0
2024-03-04,0.2,7.47,0.0,0.0,7.08,0.2,24.98,0.0
2024-03-05,0.79,28.98,11.87,2.17,9.190000000000001,0.0,16.06,0.0
2024-03-06,11.67,7.92,58.46,60.160000000000004,6.4,0.2,17.529999999999998,3.7700000000000005
2024-03-07,6.6000000000000005,3.72,4.93,3.56,1.2000000000000002,0.2,1.4,9.540000000000001
2024-03-08,0.0,0.0,41.4,0.0,1.0,0.2,0.0,2.2
2024-03-09,0.0,0.0,0.0,0.0,0.6000000000000001,0.0,0.0,2.4000000000000004
2024-03-10,33.89,21.810000000000002,13.610000000000001,23.249999999999996,0.6000000000000001,0.2,2.19,1.8
2024-03-11,1.8,0.0,0.0,0.0,0.6000000000000001,0.2,0.0,1.4000000000000001
2024-03-12,0.0,,0.0,0.0,0.6000000000000001,0.0,0.0,
2024-03-13,0.0,0.0,0.0,0.0,0.4,0.2,0.0,0.2
2024-03-14,0.0,0.0,0.0,0.0,0.6000000000000001,0.0,0.0,0.0
2024-03-15,0.0,0.0,0.0,0.0,0.4,0.0,0.0,0.0
2024-03-16,0.0,0.0,0.0,0.0,0.4,0.2,0.0,0.0
2024-03-17,0.0,0.0,0.0,0.0,0.4,0.0,0.0,
2024-03-18,6.16,4.53,3.75,0.0,0.4,0.0,18.51,
2024-03-19,5.6000000000000005,0.0,9.89,8.08,0.4,0.2,0.0,
2024-03-20,9.600000000000001,2.39,19.3,27.51,0.4,,,
2024-03-21,13.400000000000002,15.120000000000001,0.0,1.38,0.4,0.2,0.6000000000000001,
2024-03-22,13.4,3.35,33.0,0.4,0.4,0.0,6.72,
2024-03-23,10.200000000000001,27.3,9.85,43.5,0.6000000000000001,0.2,20.88,
2024-03-24,12.200000000000001,1.77,1.3900000000000001,5.51,0.4,0.0,4.74,
2024-03-25,3.8000000000000003,0.6000000000000001,7.49,0.0,0.4,0.0,0.8,
2024-03-26,24.93,14.4,,36.37,0.4,0.2,61.75,
2024-03-27,7.17,0.0,0.0,0.0,0.4,0.0,0.0,
2024-03-28,0.8,0.4,7.33,0.6000000000000001,0.4,0.0,2.8000000000000003,
2024-03-29,0.2,0.0,1.4000000000000001,0.2,0.4,0.0,4.4,
2024-03-30,3.37,0.0,0.2,5.72,0.4,0.0,2.6,
2024-03-31,2.8000000000000003,0.0,0.0,0.0,0.4,0.0,3.0,
2024-04-01,0.0,0.0,0.0,0.0,0.2,0.0,3.4000000000000004,
2024-04-02,0.8,6.5,0.0,0.6000000000000001,0.2,,3.4000000000000004,
2024-04-03,0.2,0.4,0.4,0.4,0.4,,2.4000000000000004,
2024-04-04,0.0,0.0,0.0,3.94,0.2,,0.0,
2024-04-05,0.0,0.4,0.0,0.0,0.2,0.0,0.0,
2024-04-06,0.0,0.2,,0.0,0.2,,0.0,
2024-04-07,0.0,0.0,0.0,0.0,0.2,0.0,0.0,
2024-04-08,0.0,0.0,0.0,0.0,0.2,0.0,0.0,
2024-04-09,0.0,0.0,0.0,0.0,,0.0,0.0,
2024-04-10,0.0,0.0,0.0,0.0,0.0,0.0,0.0,
2024-04-11,0.0,0.0,0.79,0.0,0.0,0.0,0.0,
2024-04-12,5.17,0.0,5.71,7.27,0.2,0.0,0.0,
2024-04-13,10.770000000000001,0.0,0.2,0.0,0.0,0.0,0.0,
2024-04-14,0.0,0.0,0.0,0.0,0.0,0.0,0.0,
2024-04-15,0.0,0.0,0.0,0.0,0.2,0.0,0.0,
2024-04-16,0.0,0.0,0.0,0.0,0.0,0.0,0.0,
2024-04-17,0.0,0.0,0.0,0.0,0.0,0.0,0.0,0.0
2024-04-18,5.19,12.6,35.6,26.9,54.910000000000004,51.85,7.7,16.11
2024-04-19,11.780000000000001,5.7299999999999995,1.0,3.7300000000000004,1.19,3.4000000000000004,8.4,39.7
2024-04-20,0.0,0.0,0.0,0.0,0.0,0.4,3.6,
2024-04-21,0.0,0.0,0.0,0.0,0.0,0.2,3.0,2.6
2024-04-22,0.0,0.0,0.0,0.0,,0.0,2.4000000000000004,0.2
2024-04-23,0.0,,0.0,0.0,0.0,0.0,0.4,
2024-04-24,0.0,0.0,0.0,0.0,0.0,0.0,0.0,0.0
2024-04-25,0.0,0.0,0.0,0.0,0.0,0.0,0.0,0.0
2024-04-26,0.0,0.79,0.0,0.0,0.0,0.0,0.0,0.0
2024-04-27,0.0,,0.0,0.0,0.0,0.0,0.0,0.0
2024-04-28,0.0,0.0,0.0,0.0,0.0,0.0,0.0,0.0
2024-04-29,0.0,0.0,0.0,0.0,0.0,0.0,0.0,0.0
2024-04-30,0.0,0.0,0.0,0.0,0.0,0.0,0.0,0.0
2024-05-01,0.0,0.0,0.0,0.0,0.0,0.0,0.0,0.0
2024-05-02,0.0,0.0,0.0,0.0,0.0,,0.2,0.0
2024-05-03,0.0,0.0,0.0,0.0,0.0,,0.0,0.0
2024-05-04,0.0,0.0,0.0,0.0,0.0,0.0,0.0,0.0
2024-05-05,0.0,0.0,0.0,0.0,0.0,0.0,0.0,0.0
2024-05-06,0.0,0.0,0.0,0.0,0.0,0.0,0.0,0.0
2024-05-07,0.0,0.0,0.0,0.0,0.0,0.0,0.0,0.0
2024-05-08,0.0,0.0,0.0,0.0,0.0,0.0,0.0,0.0
2024-05-09,0.0,0.0,0.0,0.0,0.0,0.0,0.0,0.0
2024-05-10,0.0,0.0,0.0,0.0,0.0,0.0,0.0,0.0
2024-05-11,,0.0,0.0,0.0,0.0,0.0,0.0,
2024-05-12,0.0,0.0,0.0,0.0,0.0,0.0,0.0,0.0
2024-05-13,0.0,0.0,0.0,0.0,0.0,0.0,0.2,0.0
2024-05-14,0.0,0.0,0.0,0.0,0.0,0.0,0.0,0.0
2024-05-15,,,0.0,0.0,,0.0,0.0,0.0
2024-05-16,0.0,0.0,0.0,0.0,0.0,0.0,0.0,0.0
2024-05-17,0.0,0.0,0.0,0.0,,0.0,0.0,0.0
2024-05-18,0.0,0.0,0.0,0.0,0.0,0.0,0.0,0.0
2024-05-19,0.0,0.0,0.0,,,0.0,0.0,0.0
2024-05-20,0.0,0.0,0.0,0.0,0.0,0.0,0.0,0.0
2024-05-21,0.0,0.0,0.0,0.0,0.0,0.0,0.0,0.0
2024-05-22,0.0,0.0,0.0,0.0,0.0,0.0,0.2,0.0
2024-05-23,0.0,0.0,0.0,0.0,0.0,0.0,0.0,0.0
2024-05-24,0.0,0.0,0.0,0.0,0.0,0.0,0.0,0.0
2024-05-25,0.0,0.0,0.0,0.0,0.0,0.0,0.0,0.0
2024-05-26,,0.0,0.0,0.0,0.0,0.0,0.0,0.0
2024-05-27,0.0,,0.0,0.0,0.0,0.4,0.0,0.0
2024-05-28,0.0,0.0,0.0,0.0,0.0,0.0,0.2,0.0
2024-05-29,,0.0,0.0,0.0,0.0,0.0,0.0,0.0
2024-05-30,0.0,,0.0,0.0,0.0,0.0,0.0,0.0
2024-05-31,0.0,0.0,0.0,0.0,0.0,0.0,0.0,0.0
2024-06-01,0.0,0.0,0.0,0.0,0.0,0.0,0.2,0.0
2024-06-02,0.0,0.0,0.0,0.0,0.0,0.0,0.0,
2024-06-03,0.0,0.0,0.0,0.0,0.0,,0.0,0.0
2024-06-04,0.0,0.0,0.0,0.0,0.0,0.0,0.0,0.0
2024-06-05,0.0,0.0,0.0,0.0,0.0,0.0,0.0,0.0
2024-06-06,0.0,0.0,0.0,0.0,0.0,0.0,0.0,
2024-06-07,0.0,0.0,0.0,0.0,0.0,0.0,0.2,0.0
2024-06-08,0.0,0.0,0.0,0.0,0.0,0.0,0.0,0.0
2024-06-09,0.0,0.0,0.0,0.0,0.0,0.0,0.0,0.0
2024-06-10,0.0,0.0,0.0,0.0,0.0,0.0,0.0,0.0
2024-06-11,0.0,0.0,0.0,0.0,,0.0,0.2,0.0
2024-06-12,0.0,0.0,0.0,0.0,0.0,,0.0,0.42
2024-06-13,0.0,0.0,0.0,0.0,0.0,0.0,0.0,
2024-06-14,0.0,0.0,0.0,0.0,0.0,0.0,0.0,0.0
2024-06-15,0.0,0.0,0.0,0.0,0.0,0.0,0.0,0.0
2024-06-16,0.0,0.0,0.0,0.0,0.0,0.0,0.0,0.0
2024-06-17,0.0,0.0,,0.0,0.0,0.0,0.0,0.0
2024-06-18,0.0,0.0,0.0,0.0,0.0,0.0,0.2,0.0
2024-06-19,0.0,0.0,0.0,0.0,,0.0,0.0,0.0
2024-06-20,0.0,0.0,0.0,0.0,0.0,0.0,0.0,0.0
2024-06-21,0.0,0.0,0.0,0.0,0.0,0.0,0.0,0.0
2024-06-22,0.0,0.0,0.0,0.0,0.0,0.0,0.0,0.0
2024-06-23,0.0,0.0,0.0,0.0,,0.0,0.0,0.0
2024-06-24,0.0,0.0,0.0,0.0,0.0,0.0,0.0,0.0
2024-06-25,,0.0,0.0,0.0,0.0,0.0,0.0,0.0
2024-06-26,0.0,0.0,0.0,0.0,0.0,0.0,0.0,0.0
2024-06-27,0.0,0.0,0.0,0.0,0.0,0.0,0.0,0.0
2024-06-28,0.0,0.0,0.0,0.0,0.0,,0.0,0.0
2024-06-29,0.0,0.0,0.0,0.0,0.0,0.0,0.0,0.0
2024-06-30,,0.0,0.0,,0.0,0.0,,0.0
2024-07-01,0.0,0.0,0.0,0.0,0.0,0.0,0.0,0.0
2024-07-02,0.0,0.0,0.0,0.0,0.0,,0.0,0.0
2024-07-03,0.0,0.0,0.0,0.0,0.0,0.0,0.0,0.0
2024-07-04,0.0,0.0,0.0,0.0,,0.0,0.0,0.0
2024-07-05,0.0,0.0,0.0,0.0,0.0,0.0,0.0,0.0
2024-07-06,0.0,,0.0,0.0,0.0,0.0,0.0,0.0
2024-07-07,0.0,0.0,0.0,0.0,0.0,0.0,0.0,0.0
2024-07-08,0.0,0.0,0.0,0.0,0.0,0.0,0.0,0.0
2024-07-09,0.0,0.0,0.0,0.0,0.0,0.0,0.0,0.0
2024-07-10,0.0,0.0,0.0,0.0,0.0,0.0,0.0,0.0
2024-07-11,0.0,0.0,0.0,0.0,0.0,0.0,0.0,0.0
2024-07-12,0.0,0.0,0.0,0.0,0.0,0.0,0.0,0.0
2024-07-13,0.0,0.0,0.0,0.0,0.0,0.0,0.0,0.0
2024-07-14,0.0,0.0,0.0,0.0,0.0,0.0,0.0,0.0
2024-07-15,0.0,0.0,0.0,0.0,0.0,,0.0,0.0
2024-07-16,0.0,0.0,0.0,0.0,0.0,0.0,0.0,0.0
2024-07-17,0.0,0.0,0.0,0.0,0.0,0.0,0.0,0.0
2024-07-18,0.0,0.0,0.0,0.0,0.0,0.0,0.0,0.0
2024-07-19,0.0,0.0,0.0,0.0,0.0,0.0,0.0,0.0
2024-07-20,0.0,0.0,0.0,0.0,0.0,0.0,0.0,
2024-07-21,0.0,0.0,0.0,0.0,0.0,0.0,,0.0
2024-07-22,0.0,0.0,0.0,0.0,0.0,,,
2024-07-23,,0.0,0.0,0.0,0.0,0.0,0.0,0.0
2024-07-24,,0.0,0.0,0.0,0.0,0.0,0.0,0.0
2024-07-25,0.0,0.0,0.0,0.0,0.0,0.0,0.0,0.0
2024-07-26,0.0,0.0,0.0,0.0,0.0,0.0,0.0,0.0
2024-07-27,0.0,0.0,0.0,0.0,0.0,0.0,0.0,0.0
2024-07-28,,0.0,0.0,0.0,0.0,0.0,0.0,
2024-07-29,0.0,0.0,0.0,0.0,0.0,0.0,0.0,0.0
2024-07-30,0.0,0.0,0.0,0.0,0.0,,,0.0
2024-07-31,0.0,0.0,0.0,0.0,0.0,0.0,0.0,0.0
2024-08-01,0.0,0.0,0.0,0.0,0.0,0.0,0.0,0.0
2024-08-02,0.0,0.0,0.0,0.0,0.0,0.0,0.0,0.0
2024-08-03,0.0,0.0,0.0,0.0,0.0,0.0,0.0,0.0
2024-08-04,0.0,0.2,0.0,0.0,0.0,0.0,0.0,0.0
2024-08-05,0.0,0.0,0.0,0.0,0.0,0.0,0.0,0.0
2024-08-06,0.0,0.0,0.0,0.0,0.0,0.0,0.0,0.0
2024-08-07,0.0,0.0,0.0,0.0,0.0,0.0,0.0,0.0
2024-08-08,0.0,0.0,0.0,0.0,0.0,0.0,0.0,0.0
2024-08-09,0.0,0.0,0.0,0.0,0.0,,0.0,
2024-08-10,0.0,0.0,0.0,0.0,0.0,0.0,0.0,
2024-08-11,0.0,0.0,0.0,0.0,0.0,0.0,0.0,
2024-08-12,0.0,0.0,0.0,0.0,0.0,0.0,0.0,
2024-08-13,0.0,,0.0,0.0,0.0,0.0,0.0,
2024-08-14,0.0,0.0,0.0,0.0,0.0,0.0,0.0,
2024-08-15,0.0,0.0,0.0,0.0,0.0,0.0,0.0,
2024-08-16,0.0,0.0,0.0,0.0,0.0,0.0,0.0,
2024-08-17,0.0,0.0,0.0,0.0,0.0,0.0,0.0,0.0
2024-08-18,,0.0,0.0,0.0,0.0,0.0,0.0,0.0
2024-08-19,0.0,0.0,0.0,0.0,0.0,0.0,0.0,0.0
2024-08-20,0.0,0.0,0.0,0.0,0.0,0.0,0.0,0.0
2024-08-21,0.0,0.0,0.0,0.0,0.0,0.0,0.0,0.0
2024-08-22,0.0,0.0,0.0,0.0,0.0,0.0,0.0,0.0
2024-08-23,0.0,0.0,0.0,0.0,0.0,0.0,0.0,0.0
2024-08-24,0.0,0.0,0.0,0.0,0.0,0.0,0.0,0.0
2024-08-25,0.0,0.0,0.0,0.0,0.0,0.0,0.0,0.0
2024-08-26,0.0,0.0,0.0,0.0,0.0,0.0,0.0,0.0
2024-08-27,0.0,0.0,0.0,0.0,0.0,0.0,0.0,0.0
2024-08-28,0.0,,0.0,0.0,0.0,0.0,0.0,0.0
2024-08-29,0.0,0.0,0.0,0.0,0.0,0.0,0.0,0.0
2024-08-30,0.0,0.0,0.0,0.0,0.0,0.0,0.0,0.0
2024-08-31,0.0,0.0,0.0,0.0,0.0,0.0,0.0,0.0
2024-09-01,0.0,0.0,0.0,0.0,0.0,0.0,0.0,0.0
2024-09-02,0.0,0.0,0.0,0.0,0.0,0.0,0.0,0.0
2024-09-03,0.0,0.0,0.0,0.0,0.0,0.0,0.0,0.0
2024-09-04,0.0,0.0,0.0,0.0,0.0,0.0,0.0,0.0
2024-09-05,0.0,0.0,0.0,0.0,0.0,,0.0,0.0
2024-09-06,0.0,0.0,0.0,0.0,0.0,,,0.0
2024-09-07,0.0,0.0,0.0,0.0,0.0,,0.0,0.0
2024-09-08,0.0,0.0,0.0,0.0,0.0,0.0,,0.0
2024-09-09,0.0,0.0,,0.0,0.0,,,0.0
2024-09-10,0.0,0.0,0.0,0.0,0.0,0.0,0.0,0.0
2024-09-11,0.0,0.0,0.0,0.0,0.0,0.0,0.0,0.0
2024-09-12,,0.0,0.0,0.0,0.0,,0.0,0.0
2024-09-13,0.0,0.0,0.0,0.0,0.0,0.0,0.0,
2024-09-14,0.0,0.0,0.0,0.0,0.0,0.0,0.0,0.0
2024-09-15,0.0,0.0,0.0,0.0,0.0,0.0,0.0,
2024-09-16,0.0,0.0,0.0,0.0,11.99,0.0,0.0,0.0
2024-09-17,,0.0,0.0,0.0,0.0,0.0,0.0,0.0
2024-09-18,0.0,0.0,0.0,0.0,0.0,0.0,0.0,0.0
2024-09-19,0.0,0.0,0.0,0.0,0.0,0.0,0.0,
2024-09-20,0.0,0.0,0.0,0.0,0.0,0.0,0.0,0.0
2024-09-21,0.0,0.0,0.0,0.0,0.0,0.0,0.0,
2024-09-22,0.98,0.0,5.12,0.0,0.0,0.0,0.8,0.0
2024-09-23,0.8,0.0,0.0,0.0,0.2,0.2,0.4,
2024-09-24,0.0,0.0,0.0,0.0,0.0,0.0,0.2,0.0
2024-09-25,0.0,0.0,0.0,0.0,0.0,0.0,0.0,
2024-09-26,0.0,0.0,0.0,0.0,0.0,0.0,0.0,0.0
2024-09-27,0.0,0.0,0.0,0.0,0.0,0.0,0.0,
2024-09-28,0.0,0.0,0.0,0.0,0.0,0.0,0.0,0.0
2024-09-29,0.0,0.0,0.0,0.0,0.0,0.0,0.0,0.0
2024-09-30,0.0,0.0,0.0,0.0,0.0,0.0,0.0,
2024-10-01,0.0,0.0,0.0,0.0,0.0,0.0,0.0,0.0
2024-10-02,0.0,0.0,,0.0,0.0,0.0,0.0,0.0
2024-10-03,0.0,0.0,0.0,0.0,,0.0,0.0,
2024-10-04,0.0,0.0,0.0,0.0,0.0,0.0,0.0,0.0
2024-10-05,0.0,0.0,0.0,0.0,0.0,0.0,0.0,0.0
2024-10-06,0.0,0.0,0.0,0.0,0.0,0.0,0.0,0.0
2024-10-07,0.0,0.0,0.0,0.0,0.0,0.0,0.0,0.0
2024-10-08,0.0,0.0,0.0,0.0,,0.0,0.0,
2024-10-09,0.4,0.6000000000000001,0.0,0.79,6.880000000000001,0.0,0.0,0.2
2024-10-10,2.4000000000000004,10.85,58.25000000000001,13.39,45.330000000000005,37.38,0.2,
2024-10-11,4.0,7.4,3.5500000000000003,0.0,0.0,0.6000000000000001,0.2,2.0
2024-10-12,24.650000000000002,3.58,22.619999999999997,17.13,20.830000000000002,,0.0,1.8
2024-10-13,4.0,5.390000000000001,0.0,0.0,0.0,,0.2,2.0
2024-10-14,1.0,5.0,0.0,0.0,0.0,,0.0,1.6
2024-10-15,0.0,4.0,0.0,0.0,0.0,0.0,0.0,1.0
2024-10-16,0.0,0.8,0.0,0.0,0.0,,0.6000000000000001,0.8
2024-10-17,0.0,0.0,0.0,0.0,0.0,,0.0,
2024-10-18,2.0,0.0,1.19,0.0,0.0,0.2,0.0,0.0
2024-10-19,1.2000000000000002,32.300000000000004,31.490000000000002,49.57,18.689999999999998,0.2,0.0,5.2
2024-10-20,1.6,8.31,13.24,8.290000000000001,8.32,0.0,0.0,0.6000000000000001
2024-10-21,1.6,0.2,1.37,0.2,0.2,0.0,0.2,
2024-10-22,1.6,0.0,0.0,0.0,0.0,,0.8,0.0
2024-10-23,1.4000000000000001,0.0,0.0,0.0,0.0,,0.4,
2024-10-24,1.2000000000000002,14.18,11.82,22.34,13.600000000000001,,0.2,3.7800000000000002
2024-10-25,1.0,29.39,7.7,29.17,22.849999999999998,,0.4,0.8
2024-10-26,1.4000000000000001,13.2,11.03,2.95,43.65,,0.2,0.6000000000000001
2024-10-27,4.2,89.84,18.5,17.41,41.14,,0.2,
2024-10-28,5.6000000000000005,24.23,15.6,19.400000000000002,47.1,,0.0,0.8
2024-10-29,2.4000000000000004,0.39,0.0,9.16,8.0,,0.4,1.2000000000000002
2024-10-30,,0.0,30.78,0.6000000000000001,1.4000000000000001,,0.4,
2024-10-31,2.0,0.0,0.2,5.34,0.0,,0.0,1.4000000000000001
2024-11-01,,0.0,0.0,5.2,0.0,,0.0,1.2000000000000002
2024-11-02,1.4000000000000001,0.5900000000000001,1.1800000000000002,1.2000000000000002,0.0,,0.4,1.2000000000000002
2024-11-03,1.2000000000000002,0.0,1.0,0.0,,,0.0,
2024-11-04,1.2000000000000002,1.19,1.0,0.0,1.1800000000000002,,0.0,0.6000000000000001
2024-11-05,1.0,56.83,10.29,5.6000000000000005,6.36,0.0,0.2,
2024-11-06,1.0,0.8,0.6000000000000001,14.23,6.59,0.0,0.0,0.6000000000000001
2024-11-07,1.0,2.95,35.190000000000005,26.5,3.17,,0.2,1.0
2024-11-08,,,7.88,,1.8,,0.2,0.8
2024-11-09,1.2000000000000002,39.93,32.52,52.77,1.2000000000000002,0.0,0.2,
2024-11-10,1.6,5.92,0.4,2.97,0.4,0.0,0.0,
2024-11-11,1.6,0.0,0.0,0.0,0.4,,0.0,1.2000000000000002
2024-11-12,1.8,0.2,0.0,0.0,0.2,0.0,0.2,
2024-11-13,1.6,25.34,110.21000000000001,23.4,0.2,0.0,0.0,0.6000000000000001
2024-11-14,1.8,0.2,0.0,7.19,0.4,0.0,0.2,0.8
2024-11-15,1.2000000000000002,12.540000000000001,9.66,5.760000000000001,0.2,,0.0,0.6000000000000001
2024-11-16,1.6,6.38,38.95,14.39,0.4,0.0,0.2,0.6000000000000001
2024-11-17,1.2000000000000002,14.280000000000001,1.0,22.76,21.06,0.0,0.0,0.8
2024-11-18,1.4000000000000001,0.0,0.0,0.2,3.6,0.0,0.0,0.6000000000000001
2024-11-19,1.2000000000000002,18.66,7.470000000000001,,2.0,0.0,0.0,0.6000000000000001
2024-11-20,1.2000000000000002,0.0,0.0,0.0,1.2000000000000002,0.0,0.0,0.8
2024-11-21,1.2000000000000002,6.88,14.759999999999998,0.0,,,0.2,0.6000000000000001
2024-11-22,1.4000000000000001,1.6,0.0,1.4000000000000001,1.2000000000000002,0.0,0.0,0.8
2024-11-23,0.6000000000000001,,3.77,0.6000000000000001,1.4000000000000001,0.0,0.0,0.6000000000000001
2024-11-24,0.6000000000000001,0.0,0.0,0.0,,0.0,0.0,
2024-11-25,0.6000000000000001,0.0,0.0,0.0,0.8,0.0,0.0,0.4
2024-11-26,0.4,0.0,0.0,0.0,0.6000000000000001,0.0,0.0,0.6000000000000001
2024-11-27,0.0,0.0,0.0,0.0,1.0,0.0,0.0,0.4
2024-11-28,0.2,0.0,0.0,0.0,1.2000000000000002,0.0,0.0,0.2
2024-11-29,0.0,0.0,0.0,0.0,0.6000000000000001,0.0,0.0,2.77
2024-11-30,0.79,43.31,7.69,0.2,0.6000000000000001,,0.0,2.6
2024-12-01,,6.32,12.030000000000001,4.6000000000000005,1.4000000000000001,2.0,0.0,0.4
2024-12-02,20.47,29.13,9.47,43.47,2.4000000000000004,2.0,0.0,0.4
2024-12-03,1.0,24.42,21.439999999999998,1.8000000000000003,2.4000000000000004,2.8000000000000003,0.0,0.2
2024-12-04,0.4,8.120000000000001,9.46,5.0,3.0,1.2000000000000002,0.0,0.2
2024-12-05,0.2,0.4,3.1500000000000004,0.6000000000000001,2.2,0.2,0.0,
2024-12-06,0.0,0.0,0.0,0.0,1.6,10.000000000000002,0.0,0.2
2024-12-07,0.0,0.0,0.0,0.0,1.6,12.200000000000001,0.0,0.0
2024-12-08,0.4,0.0,0.0,0.0,2.6,5.0,0.0,0.4
2024-12-09,0.0,0.0,0.0,0.0,2.4000000000000004,0.0,0.0,4.0
2024-12-10,0.0,2.75,0.0,0.0,,0.8,0.0,0.0
2024-12-11,2.36,1.79,7.69,3.1799999999999997,3.19,1.0,0.0,3.93
2024-12-12,0.0,0.0,0.0,1.7800000000000002,0.2,0.0,0.0,0.0
2024-12-13,0.0,0.0,0.0,0.0,3.95,0.2,0.0,
2024-12-14,3.55,0.8,3.7600000000000002,4.18,2.98,,0.0,0.99
2024-12-15,14.18,25.169999999999998,26.099999999999998,16.0,24.61,,0.0,20.13
2024-12-16,5.140000000000001,14.42,26.049999999999997,11.200000000000001,9.200000000000001,,0.0,
2024-12-17,1.0,2.59,2.96,1.8000000000000003,9.0,,0.0,4.6000000000000005
2024-12-18,0.0,0.0,0.0,0.0,5.2,,0.0,
2024-12-19,0.0,2.38,0.0,0.2,0.2,,0.0,3.8000000000000003
2024-12-20,6.54,1.79,20.27,7.17,2.99,,0.0,14.55
2024-12-21,2.0,9.8,37.69,37.68,4.2,,0.0,11.61
2024-12-22,0.4,32.84,9.68,30.93,23.54,,0.0,
2024-12-23,0.4,45.15,15.66,29.43,7.2,,0.0,
2024-12-24,0.4,5.2,0.0,23.580000000000002,3.4000000000000004,,0.0,
2024-12-25,0.2,,15.78,26.490000000000002,4.0,,0.0,
2024-12-26,0.4,6.6000000000000005,32.68,32.69,,,0.0,
2024-12-27,0.4,16.8,7.94,46.1,,,0.0,
2024-12-28,0.2,19.6,35.660000000000004,18.8,,,0.0,
2024-12-29,0.4,25.0,17.36,18.67,2.8000000000000003,,0.0,
2024-12-30,0.2,19.790000000000003,0.4,1.2000000000000002,2.4000000000000004,,0.0,
2024-12-31,0.2,0.6000000000000001,0.0,0.0,3.2,,0.0,
2025-01-01,0.4,0.4,9.85,29.28,2.2,,0.0,
2025-01-02,0.2,0.4,1.57,11.39,1.8,,0.0,
2025-01-03,0.2,1.0,14.61,6.710000000000001,1.8,,0.0,
2025-01-04,0.2,1.2000000000000002,1.3900000000000001,5.57,,,0.0,
2025-01-05,0.2,3.0,0.79,0.4,,,0.0,
2025-01-06,0.4,2.2,42.68,31.48,2.8000000000000003,,0.0,
2025-01-07,0.2,5.6000000000000005,37.41,,1.6,,1.1800000000000002,
2025-01-08,0.2,6.800000000000001,5.109999999999999,,2.4000000000000004,14.889999999999999,13.0,
2025-01-09,0.2,6.6000000000000005,45.19,8.360000000000001,2.6,32.67,19.490000000000002,
2025-01-10,0.2,5.800000000000001,0.0,,2.2,0.0,0.2,
2025-01-11,0.0,5.6000000000000005,1.38,0.0,1.4000000000000001,0.0,0.4,
2025-01-12,0.2,6.0,9.620000000000001,1.18,,47.49,34.47,
2025-01-13,0.2,5.0,36.839999999999996,24.240000000000002,1.6,7.29,5.15,
2025-01-14,0.2,,5.92,,1.4000000000000001,83.2,34.4,
2025-01-15,0.0,,1.58,,1.6,0.4,0.9900000000000001,
2025-01-16,0.2,2.8000000000000003,30.759999999999998,7.86,1.8,22.429999999999996,28.17,
2025-01-17,0.0,3.4000000000000004,0.2,35.88,2.4000000000000004,2.5700000000000003,1.6,12.44
2025-01-18,0.2,,0.0,,2.0,0.0,0.0,0.0
2025-01-19,0.0,1.0,0.0,0.0,,0.0,0.0,
2025-01-20,0.0,0.0,0.0,0.0,1.6,0.0,0.0,
2025-01-21,0.0,0.0,0.0,0.0,0.8,0.0,0.0,0.0
2025-01-22,0.0,3.9800000000000004,0.5900000000000001,4.970000000000001,0.6000000000000001,0.0,0.0,37.15
2025-01-23,0.2,2.75,13.0,0.6000000000000001,0.6000000000000001,2.36,4.54,3.56
2025-01-24,0.0,0.0,0.0,0.4,0.2,3.9299999999999997,30.33,0.0
2025-01-25,0.0,0.0,,0.0,0.2,,0.2,0.0
2025-01-26,0.0,8.33,9.11,3.38,0.2,10.68,2.37,0.79
2025-01-27,0.0,26.69,13.8,8.4,0.2,,,29.53
2025-01-28,0.0,4.920000000000001,42.66,,0.4,,2.57,8.4
2025-01-29,0.2,25.93,19.71,8.4,0.4,,20.24,
2025-01-30,,18.12,36.02,5.800000000000001,0.4,16.39,21.69,2.2
2025-01-31,0.0,1.4000000000000001,21.07,,1.2000000000000002,22.07,21.6,1.2000000000000002
2025-02-01,0.2,5.54,6.109999999999999,8.4,1.4000000000000001,1.99,,1.2000000000000002
2025-02-02,0.0,27.86,32.0,6.2,1.2000000000000002,10.45,18.720000000000002,0.8
2025-02-03,0.0,,0.0,6.0,1.0,5.710000000000001,0.2,0.8
2025-02-04,,0.4,0.0,5.6000000000000005,1.0,0.0,,10.77
2025-02-05,0.0,0.4,0.0,,0.6000000000000001,0.0,0.0,5.700000000000001
2025-02-06,0.0,0.4,0.0,7.000000000000001,0.6000000000000001,0.0,0.0,8.73
2025-02-07,0.0,0.6000000000000001,0.0,0.0,0.4,0.0,0.0,15.81
2025-02-08,0.0,0.4,0.0,0.0,0.2,0.4,0.0,0.0
2025-02-09,0.0,0.2,0.0,0.0,0.2,0.0,0.0,0.0
2025-02-10,0.0,0.2,0.0,0.0,0.0,0.0,0.0,0.0
2025-02-11,,0.0,0.0,0.0,0.2,0.0,0.0,0.0
2025-02-12,0.0,0.0,0.0,0.0,0.0,0.0,0.0,0.0
2025-02-13,0.0,0.0,0.0,0.0,0.0,0.0,0.0,0.0
2025-02-14,0.0,0.0,0.0,0.0,0.0,0.0,0.0,0.0
2025-02-15,0.0,0.0,0.0,0.0,0.0,0.0,0.0,0.0
2025-02-16,0.0,0.0,0.0,0.0,0.0,0.0,0.0,0.0
2025-02-17,0.0,0.0,0.0,0.0,0.0,0.0,0.0,0.0
2025-02-18,0.0,0.0,0.0,0.0,0.0,0.0,0.0,0.0
2025-02-19,0.0,0.0,0.0,0.0,0.0,0.0,0.0,0.0
2025-02-20,0.0,0.0,,0.0,0.0,0.0,0.0,
2025-02-21,0.0,0.0,0.0,0.0,0.0,0.0,0.0,0.0
2025-02-22,0.0,0.0,0.0,0.0,0.0,0.0,0.0,0.0
2025-02-23,0.0,0.0,1.62,0.0,0.0,0.0,0.0,
2025-02-24,0.0,0.0,0.0,0.0,0.0,0.0,0.0,0.0
2025-02-25,0.0,0.0,0.0,0.0,0.0,0.0,6.1000000000000005,0.0
2025-02-26,0.0,0.0,0.0,0.0,0.0,0.0,0.0,0.0
2025-02-27,0.0,0.0,0.2,0.0,0.0,0.0,4.91,0.0
2025-02-28,0.0,0.0,0.0,0.0,0.0,0.0,0.2,
2025-03-01,0.0,0.0,0.0,0.0,0.0,0.0,0.0,0.0
2025-03-02,0.0,0.0,0.0,0.0,0.0,0.0,0.0,0.0
2025-03-03,0.0,0.0,0.0,0.0,0.0,0.0,0.0,0.0
2025-03-04,0.0,1.59,0.0,0.0,0.0,0.0,0.0,0.0
2025-03-05,0.0,1.3900000000000001,0.0,0.0,0.2,0.0,0.0,
2025-03-06,0.0,0.0,0.0,0.0,0.0,,,0.0
2025-03-07,0.0,0.0,0.0,0.0,0.0,0.0,0.0,0.0
2025-03-08,0.0,0.0,0.0,0.0,0.0,0.0,0.0,
2025-03-09,0.0,0.0,0.0,0.0,0.0,0.0,0.0,
2025-03-10,0.0,0.0,0.0,0.0,29.009999999999998,0.0,0.0,2.57
2025-03-11,1.77,0.0,0.0,1.18,,0.0,,0.6000000000000001
2025-03-12,0.0,0.0,0.0,0.0,0.0,,,0.0
2025-03-13,2.17,0.0,,0.0,0.0,,0.0,0.0
2025-03-14,0.0,0.0,0.0,0.0,0.0,0.0,0.0,
2025-03-15,25.36,0.0,0.2,0.0,0.0,0.0,,0.0
2025-03-16,4.7299999999999995,0.0,0.0,0.0,0.0,0.0,0.0,0.0
2025-03-17,16.31,2.59,14.35,4.54,11.209999999999999,19.47,28.93,
2025-03-18,24.560000000000002,1.4000000000000001,2.77,12.98,26.38,21.25,3.56,4.15
2025-03-19,2.97,0.4,3.5500000000000003,5.13,5.15,5.0,3.96,
2025-03-20,0.0,,0.2,0.2,6.1000000000000005,4.2,0.0,3.0
2025-03-21,0.99,,9.43,1.18,1.77,0.6000000000000001,5.9,2.2
2025-03-22,0.6000000000000001,0.8,23.45,0.99,0.6000000000000001,2.0,13.46,2.8000000000000003
2025-03-23,0.2,0.4,9.09,7.67,15.96,,20.7,0.0
2025-03-24,5.73,0.4,34.41,7.1,20.8,,30.13,2.8000000000000003
2025-03-25,0.4,0.4,,0.0,11.200000000000001,20.18,,3.0
2025-03-26,15.94,0.2,21.25,56.519999999999996,0.4,,26.919999999999998,4.0
2025-03-27,0.4,0.2,0.6000000000000001,0.99,6.7,,3.16,3.4000000000000004
2025-03-28,0.0,0.2,0.0,0.0,0.0,0.0,,0.6000000000000001
2025-03-29,0.0,0.2,0.0,0.0,0.0,0.0,0.0,0.2
2025-03-30,0.0,0.2,0.0,0.0,0.0,0.0,0.0,0.0
2025-03-31,11.84,0.2,0.0,27.96,5.7,0.8,0.0,0.0
2025-04-01,0.2,0.2,0.0,0.0,0.0,,0.0,0.0
2025-04-02,0.2,0.0,0.0,0.79,0.0,0.0,0.8,0.0
2025-04-03,0.0,0.2,,0.0,0.0,,0.4,0.0
2025-04-04,2.3600000000000003,0.2,0.2,0.2,0.0,0.2,0.0,0.0
2025-04-05,4.970000000000001,0.2,9.65,16.979999999999997,17.34,,4.5600000000000005,17.310000000000002
2025-04-06,0.2,0.0,0.0,0.0,0.0,,0.0,9.56
2025-04-07,0.0,0.2,0.0,0.0,0.0,0.0,0.0,0.4
2025-04-08,0.0,0.0,0.0,,0.0,0.0,0.0,0.0
2025-04-09,0.0,0.0,0.0,0.0,0.0,0.0,0.0,0.0
2025-04-10,0.0,0.0,0.0,0.2,0.0,0.0,0.0,0.0
2025-04-11,0.0,0.0,1.18,0.59,0.0,0.0,0.0,0.0
2025-04-12,0.0,0.0,0.0,0.0,0.0,0.0,0.0,0.0
2025-04-13,0.0,0.0,0.0,0.0,0.0,0.0,0.0,
2025-04-14,0.0,1.58,,0.0,4.33,6.4,6.34,
2025-04-15,0.0,0.0,0.0,0.0,0.0,,0.0,
2025-04-16,67.56,46.660000000000004,80.09,59.61,58.01,78.77,82.58,
2025-04-17,0.0,0.2,,0.0,0.0,,1.8000000000000003,14.99
2025-04-18,1.19,0.0,0.0,10.3,0.2,0.6000000000000001,0.7899999999999999,1.2000000000000002
2025-04-19,11.360000000000001,1.19,3.16,6.12,5.32,,9.440000000000001,2.2
2025-04-20,0.4,5.91,6.5,0.0,9.06,,1.78,0.0
2025-04-21,0.8,0.0,0.0,0.0,0.0,0.0,0.0,0.0
2025-04-22,1.4000000000000001,0.0,0.0,0.0,0.0,0.0,0.0,0.0
2025-04-23,,0.0,0.0,0.0,0.0,0.0,0.0,0.0
2025-04-24,0.0,0.0,0.0,0.0,0.0,0.0,0.0,0.0
2025-04-25,3.0,2.16,9.94,3.5500000000000003,4.930000000000001,,7.68,1.8
2025-04-26,1.2000000000000002,0.4,0.6000000000000001,0.8,0.8,,0.4,0.2
2025-04-27,0.2,7.66,0.0,0.0,3.53,0.0,0.0,0.0
2025-04-28,0.8,8.059999999999999,0.0,1.7799999999999998,1.7699999999999998,0.0,0.0,0.0
2025-04-29,0.0,0.0,6.33,0.99,0.0,0.0,0.5900000000000001,0.2
2025-04-30,0.0,0.4,0.0,0.0,0.0,0.0,0.0,0.0
2025-05-01,0.0,0.0,0.0,0.0,0.0,0.0,0.0,0.0
2025-05-02,0.0,0.0,0.0,0.0,0.0,0.0,0.0,0.0
2025-05-03,0.0,0.0,0.0,0.0,0.0,0.0,0.0,0.0
2025-05-04,0.0,0.0,0.0,0.0,0.0,0.0,0.0,0.0
2025-05-05,0.0,0.0,0.0,0.0,0.0,0.0,0.0,0.0
2025-05-06,0.0,0.0,0.0,0.0,0.0,0.0,0.0,0.0
2025-05-07,0.0,0.0,0.0,0.0,0.0,0.0,0.0,0.0
2025-05-08,0.0,0.0,0.0,0.0,0.0,0.0,0.0,0.0
2025-05-09,0.0,0.0,0.0,0.0,0.0,0.0,0.2,0.0
2025-05-10,0.0,0.0,0.0,0.0,0.0,0.0,0.0,0.0
2025-05-11,0.0,0.0,0.0,0.0,0.0,0.0,0.0,0.0
2025-05-12,0.0,0.0,0.0,0.0,0.0,0.0,0.0,0.0
2025-05-13,0.0,0.0,0.0,0.0,0.0,0.0,0.0,0.0
2025-05-14,0.0,0.0,0.0,0.0,0.0,0.0,0.0,0.0
2025-05-15,0.0,0.0,0.0,0.0,0.0,0.0,0.0,0.0
2025-05-16,0.0,0.0,0.0,0.0,0.0,0.0,0.0,0.0
2025-05-17,0.0,0.0,0.0,0.0,0.0,0.0,0.0,0.0
2025-05-18,0.0,0.0,0.0,0.0,0.0,0.0,0.0,0.0
2025-05-19,0.0,0.0,0.0,0.0,0.0,0.0,0.0,0.0
2025-05-20,0.0,0.0,0.0,0.0,0.0,0.0,0.0,0.0
2025-05-21,0.0,0.0,0.0,0.0,0.0,0.0,0.0,0.0
2025-05-22,0.0,0.0,0.0,0.0,0.0,0.0,0.0,0.0
2025-05-23,0.0,0.0,0.0,0.0,0.0,0.0,0.0,0.0
2025-05-24,,,,,,,,
2025-05-25,0.0,0.0,0.0,0.0,0.0,0.0,0.0,0.0
2025-05-26,0.0,0.0,0.0,0.0,0.0,0.0,0.0,0.0
2025-05-27,0.0,0.0,0.0,0.0,0.0,0.0,0.0,0.0
2025-05-28,0.0,0.0,0.0,0.0,0.0,0.0,0.0,0.0
2025-05-29,0.0,0.0,0.0,0.0,0.0,0.0,0.0,0.0
2025-05-30,0.0,0.0,0.0,0.0,0.0,0.0,0.0,0.0
2025-05-31,0.0,0.0,0.0,0.0,0.0,0.0,0.0,0.0
2025-06-01,0.0,0.0,0.0,0.0,0.0,0.0,0.0,0.0
2025-06-02,0.0,0.0,0.0,0.0,0.0,0.0,0.0,0.0
2025-06-03,4.79,14.549999999999999,23.58,,5.3500000000000005,1.8000000000000003,14.959999999999999,1.9900000000000002
2025-06-04,2.2,0.2,0.0,0.2,0.6000000000000001,5.0,0.2,8.74
2025-06-05,0.0,0.0,0.0,0.0,0.0,0.4,0.2,0.0
2025-06-06,,,0.0,,0.0,0.0,0.0,0.0
2025-06-07,0.0,0.0,0.0,0.0,0.0,0.0,0.0,0.0
2025-06-08,0.0,0.0,0.0,0.0,0.0,0.0,0.0,0.0
2025-06-09,0.0,0.0,0.0,0.0,0.0,0.0,0.0,0.0
2025-06-10,0.0,0.0,0.0,0.0,0.0,0.0,0.0,0.0
2025-06-11,,0.0,0.0,0.4,0.0,0.0,0.0,0.0
2025-06-12,0.0,0.0,0.0,0.0,0.0,0.0,0.0,0.0
2025-06-13,0.0,0.0,0.0,0.0,0.0,0.0,0.0,0.0
2025-06-14,0.0,0.0,0.0,0.0,0.0,0.0,0.0,0.0
2025-06-15,0.0,0.0,0.0,0.0,0.0,0.0,0.0,0.0
2025-06-16,0.0,0.0,0.0,0.0,0.0,0.0,0.0,0.0
2025-06-17,0.0,0.0,0.0,0.0,0.0,0.0,0.0,0.0
2025-06-18,0.0,0.0,0.0,0.0,0.0,0.0,0.0,0.0
2025-06-19,0.0,0.0,0.0,0.0,0.0,0.0,0.2,0.0
2025-06-20,0.0,0.0,0.0,0.0,0.0,0.0,0.0,0.0
2025-06-21,0.0,0.0,0.0,0.0,0.0,0.0,0.0,0.0
2025-06-22,0.0,0.0,0.0,0.0,0.0,0.0,0.0,0.0
2025-06-23,0.0,0.0,0.0,0.0,0.0,0.0,0.0,0.0
2025-06-24,0.0,0.0,0.0,0.0,0.0,0.0,0.0,0.0
2025-06-25,0.0,0.0,0.0,0.0,0.0,0.0,0.0,0.0
2025-06-26,,,0.0,,,0.0,0.0,0.0
2025-06-27,0.0,0.0,0.0,0.0,0.0,0.0,0.0,0.0
2025-06-28,0.0,0.0,0.0,0.0,0.0,0.0,0.0,0.0
2025-06-29,0.0,0.0,0.0,0.0,0.0,0.0,0.0,0.0
2025-06-30,0.0,0.0,0.0,0.0,0.0,0.0,0.0,0.0
2025-07-01,,0.0,0.0,0.0,0.0,0.0,0.0,0.0
2025-07-02,0.0,0.0,0.0,,0.0,0.0,0.0,0.0
2025-07-03,0.0,0.0,0.0,0.0,0.0,0.0,0.0,0.0
2025-07-04,0.0,0.0,0.0,0.0,0.0,0.0,0.0,0.0
2025-07-05,0.0,0.0,0.0,0.0,0.0,0.0,0.0,0.0
2025-07-06,0.0,0.0,0.0,0.0,0.0,0.0,0.0,0.0
2025-07-07,0.0,0.0,0.0,0.0,0.0,0.0,0.0,0.0
2025-07-08,0.0,0.0,0.0,0.0,0.0,0.0,0.0,
2025-07-09,,0.0,0.0,0.0,0.0,0.0,0.0,
2025-07-10,0.0,0.0,0.0,0.0,0.0,0.0,0.0,
2025-07-11,0.0,0.0,0.0,0.0,0.0,0.0,0.0,
2025-07-12,0.0,0.0,0.0,0.0,0.0,0.0,0.0,
2025-07-13,0.0,0.0,0.0,0.0,0.0,0.0,0.0,
2025-07-14,0.0,0.0,0.0,0.0,0.0,0.0,0.0,
2025-07-15,0.0,0.0,0.0,0.0,0.0,0.0,0.0,
2025-07-16,0.0,0.0,0.0,0.0,0.0,0.0,0.0,
2025-07-17,0.0,0.0,0.0,0.0,0.0,0.0,0.0,0.0
2025-07-18,0.0,0.0,0.0,0.0,0.0,0.0,0.0,0.0
2025-07-19,0.0,0.0,0.0,0.0,0.0,0.0,0.0,0.0
2025-07-20,0.0,0.0,0.0,0.0,0.0,0.0,0.0,0.0
2025-07-21,0.0,0.0,0.0,0.0,0.0,0.0,0.0,0.0
2025-07-22,0.0,0.0,0.0,0.0,0.0,0.0,0.0,0.0
2025-07-23,0.0,0.0,0.0,0.0,0.0,0.0,0.0,0.0
2025-07-24,0.0,0.0,0.0,0.0,0.0,0.0,0.0,0.0
2025-07-25,0.0,0.0,0.0,0.0,0.0,0.0,0.5900000000000001,0.0
2025-07-26,1.6,4.4,2.1799999999999997,6.890000000000001,6.3500000000000005,2.2,3.79,1.6
2025-07-27,0.2,,0.0,0.0,0.0,0.4,0.2,0.2
2025-07-28,0.2,0.4,1.19,0.0,0.0,0.0,0.4,0.2
2025-07-29,0.2,0.0,0.2,0.0,0.0,0.2,0.2,0.0
2025-07-30,0.0,0.0,0.0,0.0,0.0,0.0,0.0,0.0
2025-07-31,0.0,0.0,0.0,0.0,0.0,0.0,0.0,0.0
2025-08-01,0.0,0.0,0.0,0.0,0.0,0.0,0.0,0.0
2025-08-02,0.0,0.0,0.0,0.0,0.0,0.0,0.0,0.0
2025-08-03,0.0,0.0,0.0,0.0,0.0,0.0,0.0,0.0
2025-08-04,0.0,0.0,0.0,0.0,0.0,0.0,0.0,0.0
2025-08-05,0.0,0.0,0.0,0.0,0.0,0.0,0.0,0.0
2025-08-06,0.0,0.0,0.2,0.0,0.0,0.0,0.0,0.0
2025-08-07,0.0,0.0,0.0,0.0,0.0,0.0,0.0,0.0
2025-08-08,0.0,0.0,0.0,0.0,0.0,0.0,0.0,0.0
2025-08-09,0.0,1.0,0.8,0.8,1.4000000000000001,0.0,0.0,0.0
2025-08-10,0.0,0.0,0.0,0.0,0.0,0.0,0.0,0.0
2025-08-11,0.0,0.0,0.0,0.0,0.0,0.0,0.0,0.0
2025-08-12,0.0,0.0,0.0,0.0,0.0,0.0,0.2,0.0
2025-08-13,0.0,0.0,0.0,0.0,0.0,0.0,0.2,0.0
2025-08-14,0.0,0.0,0.0,0.0,0.0,0.0,0.0,0.0
2025-08-15,0.0,0.0,0.0,0.0,0.0,0.0,0.0,0.0
2025-08-16,0.0,0.0,0.0,0.0,0.0,0.0,0.0,0.0
2025-08-17,0.0,0.0,0.0,0.0,0.0,0.0,0.0,0.0
2025-08-18,0.0,0.0,0.0,0.0,0.0,0.0,0.0,0.0
2025-08-19,0.0,0.0,0.0,0.0,0.0,0.0,0.0,0.0
2025-08-20,0.0,0.0,0.0,0.0,0.0,0.0,0.0,0.0
2025-08-21,0.0,0.0,0.0,0.0,0.0,0.0,0.0,0.0
2025-08-22,0.0,0.0,0.0,0.0,0.0,0.0,0.0,0.0
2025-08-23,0.0,0.0,0.0,0.0,0.0,0.0,0.0,0.0
2025-08-24,0.0,0.0,0.0,0.0,0.0,0.0,0.0,0.0
2025-08-25,0.0,0.0,0.0,0.0,0.0,0.0,0.0,0.0
2025-08-26,0.0,0.0,0.0,0.0,0.0,0.0,0.0,0.0
2025-08-27,0.0,0.0,0.0,0.0,0.0,0.0,0.0,0.0
2025-08-28,0.0,0.0,3.34,0.0,0.0,0.0,0.99,0.0
2025-08-29,3.18,1.6,4.35,6.7,0.0,0.0,2.17,1.4000000000000001
2025-08-30,3.97,,,9.85,10.450000000000001,0.0,6.72,4.59
2025-08-31,0.2,0.4,0.2,0.0,0.0,0.4,0.0,0.4
2025-09-01,0.2,0.4,0.0,0.0,0.0,0.0,0.0,0.0
2025-09-02,,,0.0,,,0.2,0.0,0.2
2025-09-03,0.0,0.4,0.0,0.0,0.0,0.2,0.0,0.0
2025-09-04,0.0,0.0,0.0,0.0,0.0,0.2,0.0,0.0
2025-09-05,0.0,0.0,0.0,0.0,0.0,0.0,0.0,0.0
2025-09-06,0.0,0.0,0.0,0.0,0.0,0.0,0.0,0.0
2025-09-07,0.0,0.0,0.0,0.0,0.0,0.0,0.0,0.0
2025-09-08,0.0,0.0,0.0,0.0,0.0,0.0,0.0,0.0
2025-09-09,0.0,0.0,0.0,0.0,0.0,0.0,0.0,0.0
2025-09-10,0.0,0.0,0.0,0.0,0.0,0.0,0.0,0.0
2025-09-11,0.0,0.0,0.0,0.0,0.0,0.0,0.0,0.0
2025-09-12,0.0,0.0,0.0,0.0,0.0,0.0,0.0,0.0
2025-09-13,0.2,1.19,0.0,2.36,0.78,0.0,0.4,0.0
2025-09-14,0.4,0.6000000000000001,0.0,0.2,0.2,0.2,0.2,0.0
2025-09-15,0.0,0.6000000000000001,0.0,0.0,0.0,0.0,0.0,0.0
2025-09-16,0.0,0.4,0.0,0.0,0.0,0.0,0.0,0.0
2025-09-17,0.0,0.2,1.6,0.2,0.0,0.2,1.0,0.0
2025-09-18,0.0,0.2,0.0,0.0,0.0,0.0,0.0,0.0
2025-09-19,0.0,0.2,0.0,0.0,0.0,0.0,0.0,0.0
2025-09-20,0.0,0.0,0.0,0.0,0.0,0.0,0.0,0.0
2025-09-21,0.0,0.0,0.0,0.0,0.0,0.0,0.0,0.4
2025-09-22,1.78,0.79,16.12,7.08,4.71,0.0,11.6,1.98
2025-09-23,5.970000000000001,0.4,1.79,0.8,0.8,0.2,0.6000000000000001,0.8
2025-09-24,0.0,0.2,0.0,0.0,0.0,0.2,0.0,0.0
2025-09-25,,0.2,0.0,0.0,0.0,0.0,0.0,0.0
2025-09-26,0.0,0.0,0.0,0.0,0.0,0.0,0.0,0.0
2025-09-27,0.0,0.0,0.0,0.0,0.0,0.0,0.0,0.0
2025-09-28,0.0,0.0,0.0,0.0,0.0,0.0,0.0,0.0
2025-09-29,0.0,0.0,0.0,0.0,0.0,0.0,0.0,0.0
2025-09-30,0.0,0.0,0.0,0.0,0.0,0.0,0.0,0.0
2025-10-01,0.0,0.0,0.0,0.0,0.0,0.0,0.0,0.0
2025-10-02,0.0,0.0,0.0,0.0,0.0,0.0,0.0,
2025-10-03,0.0,0.0,0.0,0.0,0.0,0.0,0.0,
2025-10-04,0.0,0.0,0.0,0.0,,0.0,0.0,
2025-10-05,0.0,0.0,0.0,0.0,0.0,0.0,0.0,
2025-10-06,0.0,0.0,0.0,0.0,0.0,0.0,0.0,
2025-10-07,0.0,0.6000000000000001,0.0,0.0,0.0,0.0,0.0,
2025-10-08,0.0,0.2,0.0,0.0,0.0,0.0,1.3900000000000001,
2025-10-09,0.0,0.0,0.0,0.0,0.0,0.0,0.0,
2025-10-10,0.0,0.0,0.0,0.0,0.0,0.0,0.0,
2025-10-11,0.8,10.24,0.0,1.0,,0.2,0.0,
2025-10-12,0.0,0.0,0.0,0.0,0.0,0.2,0.0,
2025-10-13,0.0,0.2,0.0,0.0,0.0,0.0,0.0,
2025-10-14,1.6,11.010000000000002,2.58,2.1900000000000004,1.98,0.2,2.0,
2025-10-15,0.0,0.0,0.0,0.0,0.0,0.0,0.0,
2025-10-16,0.0,0.0,0.0,0.0,0.0,0.0,0.2,
2025-10-17,0.0,0.0,0.0,0.0,0.0,0.0,0.0,0.0
2025-10-18,0.0,0.0,0.0,0.0,0.0,0.0,0.0,0.0
2025-10-19,2.0,4.34,23.740000000000002,2.5900000000000003,3.3600000000000003,0.0,16.66,2.2
2025-10-20,0.0,0.0,0.4,0.0,0.0,0.0,0.0,0.0
2025-10-21,0.0,0.0,0.0,0.0,0.0,0.0,0.0,0.0
2025-10-22,0.0,0.0,0.0,0.0,0.0,0.0,0.0,0.0
2025-10-23,0.0,0.0,0.0,0.0,0.0,0.0,0.0,0.0
2025-10-24,0.0,0.0,0.0,0.0,0.0,0.0,0.0,0.0
2025-10-25,0.0,0.0,0.0,0.0,0.0,0.0,0.0,0.0
2025-10-26,0.0,0.0,0.0,0.0,0.0,0.0,0.0,0.0
2025-10-27,0.0,0.0,0.0,0.4,1.77,0.0,0.0,0.0
2025-10-28,0.0,0.0,0.0,0.0,0.0,0.0,0.0,0.0
2025-10-29,0.0,0.0,0.2,0.0,0.0,0.0,0.0,0.0
2025-10-30,3.8000000000000003,13.569999999999999,4.6000000000000005,14.190000000000001,20.099999999999998,0.0,12.08,60.24
2025-10-31,4.4,5.0,,8.0,4.970000000000001,0.0,1.6,2.8000000000000003
2025-11-01,2.6,0.0,,0.0,0.2,0.0,0.0,0.0
2025-11-02,2.2,4.93,0.0,7.66,8.26,0.0,0.0,6.5
2025-11-03,3.2,18.86,28.28,12.540000000000001,24.01,0.0,29.55,14.18
2025-11-04,6.4,6.000000000000001,0.0,3.0,0.0,0.2,0.0,0.0
2025-11-05,4.6000000000000005,0.8,0.0,2.0,0.0,22.060000000000002,1.8,1.58
2025-11-06,4.4,0.0,0.0,1.8,0.0,0.0,0.0,0.0
2025-11-07,2.8000000000000003,0.0,0.0,1.4000000000000001,0.0,0.0,0.0,0.0
2025-11-08,12.0,14.71,26.740000000000002,1.4000000000000001,34.46,26.939999999999998,17.970000000000002,40.510000000000005
2025-11-09,10.4,4.6000000000000005,19.64,1.4000000000000001,1.18,1.19,12.000000000000002,0.2
2025-11-10,0.8,,0.0,2.0,0.0,0.0,2.0,0.0
2025-11-11,0.0,2.45,0.0,2.2,0.0,0.0,0.0,0.0
2025-11-12,0.0,0.0,0.0,5.0,0.0,0.0,0.0,0.0
2025-11-13,0.0,0.0,0.0,3.6,0.0,0.0,0.0,0.0
2025-11-14,1.77,0.6000000000000001,7.46,0.4,1.1800000000000002,0.2,0.6000000000000001,0.0
2025-11-15,9.56,4.54,45.62,2.4000000000000004,4.58,42.97,11.8,1.6
2025-11-16,6.200000000000001,27.78,21.5,3.0,14.780000000000001,9.200000000000001,16.16,7.9
2025-11-17,8.600000000000001,27.62,33.11,8.4,39.160000000000004,,24.130000000000003,23.42
2025-11-18,,,0.0,17.79,0.4,15.18,2.0,0.0
2025-11-19,4.0,4.4,7.1,13.8,6.71,0.4,3.0000000000000004,6.5200000000000005
2025-11-20,4.2,0.0,0.0,4.6000000000000005,0.0,0.0,0.0,0.0
2025-11-21,0.4,0.0,0.62,1.0,0.0,0.0,,0.0
2025-11-22,,0.0,0.0,0.0,0.0,0.0,0.0,0.0
2025-11-23,7.98,5.58,19.3,15.52,23.04,0.6000000000000001,4.6,25.08
2025-11-24,1.2000000000000002,2.6,0.4,6.6000000000000005,0.2,0.0,2.7600000000000002,0.4
2025-11-25,2.8000000000000003,1.4000000000000001,7.470000000000001,5.0,2.5700000000000003,0.0,4.53,3.3500000000000005
2025-11-26,0.4,0.8,0.0,0.0,0.0,4.53,0.0,0.0
2025-11-27,0.0,0.6000000000000001,0.0,0.0,0.0,0.0,0.0,0.0
2025-11-28,0.0,0.4,0.0,0.0,0.0,0.0,0.0,0.0
2025-11-29,0.0,0.0,0.0,0.0,0.0,0.0,0.0,0.0
2025-11-30,0.0,0.0,0.0,0.0,0.0,0.0,0.0,0.0
2025-12-01,3.18,18.11,4.5200000000000005,1.2,9.43,0.0,2.7600000000000002,0.0
2025-12-02,3.0,10.56,11.41,14.29,33.01,21.48,12.78,
2025-12-03,8.200000000000001,6.0,35.67,22.73,22.380000000000003,0.2,2.56,45.33
2025-12-04,13.4,3.2,,1.6,25.1,16.37,23.030000000000005,16.54
2025-12-05,6.6000000000000005,2.8000000000000003,0.0,0.39,5.720000000000001,1.6,0.0,0.0
2025-12-06,,2.0,,,,,,0.0
2025-12-07,0.0,21.92,0.0,0.0,5.3,0.0,0.0,0.0
2025-12-08,0.0,,0.0,0.0,0.2,0.0,0.0,
2025-12-09,6.5600000000000005,0.8,21.46,19.68,,0.0,20.11,11.05
2025-12-10,4.2,2.77,17.36,8.32,,0.0,15.58,5.170000000000001
2025-12-11,2.0,0.79,0.2,0.2,1.19,0.0,0.5900000000000001,1.9799999999999998
2025-12-12,0.6000000000000001,0.0,0.0,0.0,0.0,0.0,0.0,0.0
2025-12-13,0.8,42.32,25.39,20.37,19.66,0.0,14.95,47.14
2025-12-14,1.6,21.82,42.05,4.76,0.9900000000000001,0.2,8.46,10.62
2025-12-15,0.6000000000000001,9.45,5.33,6.31,,0.0,2.97,7.1
2025-12-16,4.4,19.36,5.12,6.9,5.32,0.0,29.34,2.97
2025-12-17,22.41,5.76,43.55,5.16,38.910000000000004,0.2,22.09,31.3
2025-12-18,4.95,0.6000000000000001,1.2000000000000002,1.58,1.79,0.0,0.4,1.58
2025-12-19,0.2,1.8,13.629999999999999,1.0,,0.2,0.4,0.2
2025-12-20,9.66,0.6000000000000001,17.38,9.88,9.27,0.0,8.7,8.27
2025-12-21,0.0,0.4,1.9699999999999998,0.0,0.0,0.0,0.0,0.0
2025-12-22,0.0,0.2,4.15,0.0,0.0,0.2,0.2,0.0
2025-12-23,0.0,0.2,4.33,0.0,0.0,0.2,0.0,0.0
2025-12-24,0.0,0.2,24.23,0.0,0.0,0.2,1.19,0.0
2025-12-25,8.27,0.0,0.2,2.56,3.9299999999999997,,0.0,0.0
2025-12-26,0.79,0.0,15.35,0.2,5.5200000000000005,,8.459999999999999,0.0
2025-12-27,18.32,0.2,23.48,16.720000000000002,6.54,,2.17,0.0
2025-12-28,31.48,0.0,2.96,0.2,0.0,,0.0,0.0
2025-12-29,6.5,0.0,0.6000000000000001,0.0,,,0.0,17.880000000000003
2025-12-30,10.030000000000001,5.13,0.2,0.0,0.2,,10.83,0.0
2025-12-31,0.2,,0.0,2.5600000000000005,9.26,,6.12,21.38
